"","Tissue_ID","MT_ID","Maternal_ID","Parent_Offspring","Species","QS03797_1","QS03797_2","MSQ13_1","MSQ13_2","QrZAG20_1","QrZAG20_2","QS00314_1","QS00314_2","QpZAG9_1","QpZAG9_2","QS1904_1","QS1904_2","MSQ4_1","MSQ4_2","QpZAG110_1","QpZAG110_2","QS00562_1","QS00562_2","QpZAG119_1","QpZAG119_2","QrZAG87_1","QrZAG87_2","QpZAG1.5_1","QpZAG1.5_2","QM69.2M1_1","QM69.2M1_2"
"1","UHA-0001","","","P","Quercus alba",144,144,206,206,163,165,170,173,255,263,137,137,"198","206",202,202,223,223,68,80,100,100,165,167,234,244
"2","UHA-0002","","","P","Quercus alba",144,144,206,208,155,163,170,173,235,249,135,135,"200","206",202,206,223,223,72,108,100,100,167,171,234,238
"3","UHA-0003","","","P","Quercus alba",142,144,206,206,155,169,173,173,255,269,137,137,"198","208",202,202,223,223,78,96,100,100,159,159,234,240
"4","UHA-0004","","","P","Quercus bicolor",148,148,228,230,171,185,173,173,251,257,137,137,"204","208",204,210,221,221,72,74,0,0,159,159,228,232
"5","UHA-0005","","","P","Quercus bicolor",148,148,226,232,171,173,173,173,241,255,137,137,"194","204",204,204,223,223,62,68,100,100,165,173,228,232
"6","UHA-0006","","","P","Quercus bicolor",148,148,226,232,171,177,173,173,255,259,137,137,"204","210",206,206,225,225,60,62,100,100,159,173,228,228
"7","UHA-0007","","","P","Quercus macrocarpa",144,146,222,238,163,169,170,170,259,261,137,137,"200","208",206,208,223,223,66,70,100,100,167,188,230,232
"8","UHA-0008","","","P","Quercus macrocarpa",144,144,226,234,163,175,170,170,259,259,137,137,"200","202",208,214,223,225,84,84,100,100,167,173,228,230
"9","UHA-0009","MT1","","P","Quercus muehlenbergii",144,146,230,234,175,179,173,173,253,263,137,137,"200","216",200,202,225,225,114,114,100,100,169,169,222,234
"10","UHA-0010","MT2","","P","Quercus muehlenbergii",144,146,230,230,177,179,173,179,243,253,137,139,"198","216",0,0,223,225,116,116,100,100,169,181,222,230
"11","UHA-0011","","","P","Quercus muehlenbergii",144,146,230,234,175,179,173,173,253,263,137,139,"200","216",200,202,225,225,86,90,100,100,169,169,222,222
"12","UHA-0012","MT3","","P","Quercus muehlenbergii",144,146,210,230,165,175,173,173,253,271,137,137,"200","242",200,200,223,223,78,112,100,100,167,171,222,222
"13","UHA-0013","MT4","","P","Quercus muehlenbergii",144,146,216,230,175,179,173,173,253,261,137,137,"200","216",200,200,225,225,90,114,100,100,169,169,232,234
"14","UHA-0014","MT5","","P","Quercus muehlenbergii",144,146,216,230,177,179,173,179,251,253,137,137,"200","200",200,200,223,225,90,114,100,100,169,171,232,234
"15","UHA-0015","MT6","","P","Quercus muehlenbergii",144,146,230,234,177,179,173,173,253,263,137,139,"200","216",202,202,225,225,86,90,100,100,169,169,222,234
"16","UHA-0016","MT7","","P","Quercus muehlenbergii",144,146,230,234,165,177,173,173,253,257,137,137,"0","0",0,0,225,225,116,116,100,100,169,173,214,222
"17","UHA-0017","","","P","Quercus macrocarpa",144,144,224,240,161,179,170,170,251,259,137,137,"210","214",204,204,0,0,64,66,100,102,171,171,232,238
"20","UHA-0020","","UHA-0261","O","Quercus muehlenbergii",142,184,230,230,157,177,179,179,243,243,137,149,"206","216",200,200,223,223,90,110,100,100,181,181,222,222
"21","UHA-0021","","UHA-0261","O","Quercus muehlenbergii",144,184,230,230,157,175,179,179,243,243,139,149,"216","216",200,200,223,223,68,82,100,100,169,181,222,222
"22","UHA-0022","","UHA-0261","O","Quercus muehlenbergii",144,144,216,232,173,175,179,179,243,257,137,137,"210","216",200,200,223,223,84,84,100,100,169,181,222,222
"23","UHA-0023","","UHA-0261","O","Quercus muehlenbergii",144,184,230,230,175,179,173,179,243,257,137,137,"0","0",0,0,223,223,90,90,100,100,169,181,222,222
"24","UHA-0024","","UHA-0261","O","Quercus muehlenbergii",144,144,230,232,155,157,176,179,243,257,137,139,"198","206",202,202,223,223,84,84,100,100,169,171,230,234
"25","UHA-0025","","UHA-0261","O","Quercus muehlenbergii",144,144,216,232,163,175,173,179,243,261,139,139,"198","214",200,200,223,223,84,104,100,100,169,181,222,222
"26","UHA-0026","","UHA-0261","O","Quercus muehlenbergii",142,144,216,230,165,177,173,173,249,257,137,139,"216","216",200,200,0,0,84,114,100,100,159,169,222,230
"27","UHA-0027","","UHA-0261","O","Quercus muehlenbergii",144,144,216,232,173,175,176,179,243,265,137,139,"198","210",200,200,223,223,84,114,100,100,159,169,222,222
"28","UHA-0028","","UHA-0261","O","Quercus muehlenbergii",142,144,216,234,173,177,179,179,243,257,137,139,"210","216",200,200,223,223,98,110,100,100,169,181,222,238
"29","UHA-0029","","UHA-0261","O","Quercus muehlenbergii",142,144,216,232,155,177,173,176,243,257,137,137,"208","216",200,202,223,223,114,114,100,100,169,181,222,222
"31","UHA-0036","","UHA-0261","O","Quercus muehlenbergii",142,144,216,232,173,177,0,0,243,265,137,137,"210","216",200,200,223,223,98,110,100,100,159,181,222,222
"32","UHA-0037","","UHA-0261","O","Quercus muehlenbergii",144,144,216,232,173,175,176,179,249,257,137,137,"198","210",200,202,223,225,110,114,100,100,169,181,222,222
"33","UHA-0038","","UHA-0261","O","Quercus muehlenbergii",142,144,216,230,165,177,179,179,249,257,137,139,"214","216",198,200,223,225,110,114,100,100,169,169,222,222
"34","UHA-0040","","UHA-0261","O","Quercus muehlenbergii",142,144,216,230,165,177,173,179,243,257,137,139,"200","216",200,200,223,223,110,114,100,100,169,181,222,230
"35","UHA-0041","","UHA-0261","O","Quercus muehlenbergii",144,184,216,216,175,179,173,179,243,243,137,149,"198","206",200,200,223,223,84,90,100,100,169,181,222,222
"36","UHA-0043","","UHA-0260","O","Quercus muehlenbergii",144,144,216,230,175,179,0,0,249,257,137,137,"198","206",200,200,223,223,68,68,100,100,169,169,222,222
"37","UHA-0044","","UHA-0260","O","Quercus muehlenbergii",144,184,216,216,157,175,179,179,243,243,139,149,"216","216",200,200,223,223,68,68,100,100,169,181,222,222
"38","UHA-0045","","UHA-0260","O","Quercus muehlenbergii",144,184,230,230,157,165,173,179,257,257,137,137,"216","216",200,200,223,223,90,96,100,100,169,181,222,230
"39","UHA-0046","","UHA-0260","O","Quercus muehlenbergii",144,144,230,232,155,157,176,179,243,257,137,149,"206","208",200,200,223,223,90,98,100,100,169,169,222,222
"40","UHA-0047","","UHA-0260","O","Quercus muehlenbergii",144,144,216,230,165,179,173,173,243,257,137,149,"200","206",200,202,223,223,68,68,100,100,159,169,222,222
"41","UHA-0048","","UHA-0260","O","Quercus muehlenbergii",144,144,230,232,155,157,176,179,243,257,137,137,"210","216",200,200,223,223,90,98,100,100,169,181,222,222
"42","UHA-0049","","UHA-0260","O","Quercus muehlenbergii",144,184,234,234,155,179,173,176,257,265,137,149,"210","216",200,200,223,223,90,114,100,100,169,169,222,238
"43","UHA-0050","","UHA-0260","O","Quercus muehlenbergii",142,142,216,230,177,179,173,173,243,249,137,139,"216","216",200,200,223,225,68,84,100,100,169,181,222,222
"44","UHA-0051","","UHA-0260","O","Quercus muehlenbergii",144,184,232,232,157,163,167,167,253,257,137,139,"206","210",200,200,223,223,90,98,100,100,165,181,222,222
"45","UHA-0052","","UHA-0260","O","Quercus muehlenbergii",144,184,230,230,157,165,179,179,243,257,137,149,"206","214",200,200,223,223,90,102,100,100,169,175,222,230
"46","UHA-0053","","UHA-0260","O","Quercus muehlenbergii",144,144,216,230,173,179,173,179,257,257,137,137,"206","214",200,200,223,223,90,96,100,100,159,181,222,230
"47","UHA-0054","","UHA-0260","O","Quercus muehlenbergii",144,144,230,230,157,173,173,179,257,257,137,149,"216","216",200,200,223,223,90,96,100,100,159,169,222,230
"48","UHA-0055","","UHA-0260","O","Quercus muehlenbergii",146,184,234,234,179,179,173,179,243,257,137,137,"206","214",200,200,223,223,90,112,100,100,169,175,222,230
"49","UHA-0056","","UHA-0260","O","Quercus muehlenbergii",146,146,230,232,177,179,173,179,257,257,137,137,"0","0",200,200,223,223,90,100,100,100,165,169,222,222
"50","UHA-0058","","UHA-0260","O","Quercus muehlenbergii",144,144,216,230,165,179,173,173,257,257,139,149,"200","206",198,200,0,0,68,114,100,100,159,169,222,222
"51","UHA-0059","","UHA-0260","O","Quercus muehlenbergii",144,184,232,232,155,157,179,179,257,257,137,149,"210","216",200,200,223,223,68,98,100,100,169,169,222,222
"52","UHA-0068","","UHA-0014","O","Quercus muehlenbergii",144,146,230,230,165,177,173,173,253,257,137,137,"200","204",0,0,225,225,114,114,100,100,169,171,222,234
"53","UHA-0069","","UHA-0014","O","Quercus muehlenbergii",144,146,230,234,175,179,173,173,253,265,137,137,"200","216",200,200,225,225,90,110,100,100,169,171,230,234
"54","UHA-0070","","UHA-0014","O","Quercus muehlenbergii",144,146,216,230,177,179,173,173,251,253,137,137,"200","216",200,200,223,225,90,112,100,100,169,171,232,234
"55","UHA-0071","","UHA-0014","O","Quercus muehlenbergii",144,146,230,234,175,179,173,179,251,253,137,137,"200","214",200,200,0,0,114,114,100,100,171,171,230,234
"56","UHA-0072","","UHA-0014","O","Quercus muehlenbergii",144,146,230,230,155,177,173,179,251,265,137,137,"200","214",200,200,223,223,90,114,100,100,169,173,222,234
"57","UHA-0073","","UHA-0014","O","Quercus muehlenbergii",144,146,216,230,177,179,173,173,253,263,137,137,"200","200",200,200,225,225,112,114,100,100,169,171,232,232
"58","UHA-0074","","UHA-0014","O","Quercus muehlenbergii",144,144,230,232,173,179,176,179,253,265,137,137,"200","208",200,202,223,225,112,114,100,100,159,169,222,234
"59","UHA-0075","","UHA-0014","O","Quercus muehlenbergii",144,144,216,216,165,179,0,0,251,257,137,137,"200","200",200,200,223,223,90,96,100,100,169,171,222,232
"60","UHA-0076","","UHA-0014","O","Quercus muehlenbergii",144,146,230,230,155,177,173,179,253,253,137,137,"200","214",200,200,225,225,110,114,100,100,169,171,222,234
"61","UHA-0077","","UHA-0014","O","Quercus muehlenbergii",144,146,216,230,177,179,173,179,251,257,137,137,"200","216",200,200,223,223,90,116,100,100,171,171,222,232
"62","UHA-0079","","UHA-0014","O","Quercus muehlenbergii",144,144,216,216,179,179,173,179,253,253,137,137,"200","200",200,200,225,225,114,114,100,100,169,171,232,232
"63","UHA-0080","","UHA-0014","O","Quercus muehlenbergii",146,146,216,234,177,177,170,173,253,255,137,137,"200","200",200,200,0,0,90,116,100,100,169,173,232,236
"64","UHA-0081","","UHA-0014","O","Quercus muehlenbergii",144,146,216,230,177,179,173,179,251,253,137,137,"200","216",200,200,0,0,114,114,100,100,169,171,232,234
"65","UHA-0088","","UHA-0014","O","Quercus muehlenbergii",144,144,230,230,179,179,173,179,251,255,137,137,"200","200",200,200,223,223,90,112,100,100,171,171,222,234
"66","UHA-0089","","UHA-0014","O","Quercus muehlenbergii",146,146,216,234,175,177,173,173,253,253,137,137,"200","216",200,200,225,225,110,114,100,100,171,171,230,232
"67","UHA-0090","","UHA-0014","O","Quercus muehlenbergii",144,146,230,234,175,179,179,179,253,265,137,137,"200","214",200,200,225,225,90,90,100,100,169,173,230,232
"68","UHA-0091","","UHA-0014","O","Quercus muehlenbergii",146,146,230,234,175,177,173,173,251,265,137,137,"200","216",200,200,223,223,90,114,100,100,171,171,230,234
"69","UHA-0093","","UHA-0015","O","Quercus muehlenbergii",146,146,230,230,177,179,173,173,253,255,137,137,"0","0",200,200,0,0,90,116,100,100,169,169,222,234
"70","UHA-0094","","UHA-0015","O","Quercus muehlenbergii",144,146,230,234,155,177,173,173,263,265,137,139,"216","216",200,200,225,225,90,110,100,100,169,173,230,234
"71","UHA-0095","","UHA-0015","O","Quercus muehlenbergii",144,144,230,234,155,179,173,173,263,265,137,137,"200","214",200,200,225,225,86,110,100,100,169,173,222,222
"72","UHA-0096","","UHA-0015","O","Quercus muehlenbergii",144,144,230,230,155,179,173,179,0,0,137,137,"0","0",200,200,0,0,90,110,100,100,169,173,222,234
"73","UHA-0097","","UHA-0015","O","Quercus muehlenbergii",144,146,234,234,175,179,173,173,0,0,137,139,"214","214",200,200,225,225,86,90,100,100,169,173,222,230
"74","UHA-0098","","UHA-0257","O","Quercus muehlenbergii",144,144,230,232,155,179,173,176,243,257,137,149,"208","216",200,202,223,223,90,114,100,100,169,181,222,222
"75","UHA-0099","","UHA-0257","O","Quercus muehlenbergii",144,144,232,232,163,173,173,179,257,265,137,137,"208","210",200,200,223,223,104,114,100,100,159,165,222,222
"76","UHA-0100","","UHA-0257","O","Quercus muehlenbergii",144,146,232,232,173,177,173,176,261,265,137,137,"210","214",200,200,223,223,98,104,100,100,159,165,222,222
"77","UHA-0101","","UHA-0257","O","Quercus muehlenbergii",144,144,230,234,155,157,0,0,243,257,137,137,"206","210",202,202,0,0,68,114,100,100,169,181,222,238
"78","UHA-0102","","UHA-0257","O","Quercus muehlenbergii",144,144,216,232,155,165,173,179,257,265,137,139,"210","214",200,200,223,223,96,114,100,100,159,159,222,222
"79","UHA-0103","","UHA-0257","O","Quercus muehlenbergii",144,184,234,236,157,173,173,179,243,257,137,137,"206","210",200,202,223,223,66,68,100,115,169,181,222,238
"81","UHA-0105","","UHA-0257","O","Quercus muehlenbergii",144,144,232,234,155,177,176,179,261,265,137,139,"208","210",200,200,223,223,98,98,100,100,159,169,222,238
"82","UHA-0106","","UHA-0257","O","Quercus muehlenbergii",144,144,230,232,155,179,176,179,243,265,137,137,"208","216",200,200,223,223,68,114,100,100,159,181,222,222
"83","UHA-0109","","UHA-0257","O","Quercus muehlenbergii",142,144,216,232,155,177,176,179,243,265,137,137,"198","208",200,202,223,223,84,114,100,100,169,181,222,222
"84","UHA-0110","","UHA-0257","O","Quercus muehlenbergii",144,146,232,234,173,177,179,179,257,257,137,137,"210","214",200,200,223,223,98,98,100,100,159,165,222,238
"85","UHA-0111","","UHA-0257","O","Quercus muehlenbergii",144,146,230,232,173,177,179,179,257,261,137,139,"208","214",200,200,223,223,98,98,100,100,169,169,222,238
"86","UHA-0112","","UHA-0257","O","Quercus muehlenbergii",146,146,216,234,177,177,173,173,253,255,137,137,"200","200",200,200,0,0,90,116,100,100,169,173,232,236
"87","UHA-0113","","UHA-0257","O","Quercus muehlenbergii",144,144,230,232,155,179,179,179,257,265,137,137,"206","210",200,200,223,223,90,98,100,100,159,169,222,222
"88","UHA-0114","","UHA-0257","O","Quercus muehlenbergii",144,184,234,234,155,157,176,179,257,257,137,149,"206","208",200,200,223,223,90,114,100,100,169,169,222,238
"89","UHA-0115","","UHA-0351","O","Quercus muehlenbergii",144,144,216,232,163,173,173,173,257,257,137,137,"200","214",200,200,223,223,104,114,100,100,165,169,222,222
"90","UHA-0116","","UHA-0351","O","Quercus muehlenbergii",144,144,230,230,157,165,173,173,243,257,139,149,"206","206",200,200,223,223,68,114,100,100,159,181,222,230
"91","UHA-0118","","UHA-0351","O","Quercus muehlenbergii",142,144,216,216,173,177,173,179,243,257,137,139,"214","216",200,200,223,223,84,114,100,100,169,169,222,222
"92","UHA-0119","","UHA-0351","O","Quercus muehlenbergii",144,144,216,234,165,173,173,179,257,257,137,137,"208","214",200,202,223,223,98,114,100,100,159,169,222,238
"93","UHA-0120","","UHA-0351","O","Quercus muehlenbergii",144,144,230,234,173,173,179,179,257,265,137,139,"208","214",200,200,223,223,114,114,100,100,159,159,230,238
"94","UHA-0121","","UHA-0351","O","Quercus muehlenbergii",144,144,216,234,173,173,179,179,257,257,137,139,"210","214",200,200,223,223,96,114,100,100,169,169,222,238
"95","UHA-0122","","UHA-0351","O","Quercus muehlenbergii",144,144,216,234,165,173,173,179,257,257,137,139,"210","214",200,202,223,223,96,114,100,100,159,169,222,238
"96","UHA-0123","","UHA-0010","O","Quercus muehlenbergii",144,144,230,234,179,179,179,179,243,249,137,139,"216","216",200,200,223,223,112,120,100,100,169,169,222,230
"97","UHA-0124","","UHA-0010","O","Quercus muehlenbergii",144,144,230,234,165,179,173,179,243,249,137,137,"216","216",200,200,223,223,0,0,100,100,169,181,222,230
"98","UHA-0125","","UHA-0010","O","Quercus muehlenbergii",142,146,230,234,177,179,173,179,243,257,137,139,"212","216",200,210,223,223,94,112,100,100,171,181,222,222
"99","UHA-0126","","UHA-0010","O","Quercus muehlenbergii",146,146,230,230,155,177,173,173,253,253,137,139,"198","222",200,200,223,225,112,112,100,100,169,173,222,230
"100","UHA-0127","","UHA-0010","O","Quercus muehlenbergii",144,144,230,234,179,179,179,179,0,0,137,139,"216","216",200,200,0,0,112,120,100,100,165,169,230,234
"101","UHA-0128","","UHA-0010","O","Quercus muehlenbergii",144,144,230,234,165,179,179,179,253,255,137,137,"200","200",200,200,223,225,112,120,100,100,165,169,230,234
"102","UHA-0129","","UHA-0010","O","Quercus muehlenbergii",144,146,230,234,165,177,173,179,253,255,137,139,"216","216",200,200,223,225,0,0,100,100,165,169,230,234
"103","UHA-0130","","UHA-0010","O","Quercus muehlenbergii",146,146,230,234,177,179,173,179,249,253,137,139,"198","198",200,200,223,225,112,120,100,100,169,169,222,230
"104","UHA-0131","","UHA-0010","O","Quercus muehlenbergii",142,146,230,234,177,179,173,173,253,257,139,139,"212","216",200,210,223,225,76,112,100,100,169,171,222,230
"105","UHA-0132","","UHA-0010","O","Quercus muehlenbergii",142,146,216,230,177,179,173,179,253,257,139,139,"206","216",200,200,223,225,76,76,100,100,169,171,230,232
"106","UHA-0133","","UHA-0010","O","Quercus muehlenbergii",144,146,230,234,177,179,173,173,243,253,137,137,"198","200",198,200,223,223,90,116,100,100,169,181,222,230
"107","UHA-0134","","UHA-0010","O","Quercus muehlenbergii",144,144,230,234,179,179,179,179,249,253,137,137,"200","200",200,200,0,0,116,120,100,100,169,169,222,230
"108","UHA-0135","","UHA-0010","O","Quercus muehlenbergii",144,146,230,234,155,177,173,179,243,257,137,139,"198","208",200,202,223,223,98,112,100,100,169,181,230,238
"109","UHA-0136","","UHA-0010","O","Quercus muehlenbergii",144,146,230,234,165,177,173,179,253,255,137,139,"216","216",200,200,223,225,112,120,100,100,165,169,230,234
"110","UHA-0137","","UHA-0010","O","Quercus muehlenbergii",146,146,230,234,177,179,173,179,249,253,137,139,"200","216",0,0,223,225,112,120,100,100,169,169,222,234
"111","UHA-0138","","UHA-0010","O","Quercus muehlenbergii",144,144,230,238,157,179,173,173,243,259,137,137,"198","198",198,206,221,223,86,116,86,100,167,181,228,230
"112","UHA-0139","","UHA-0010","O","Quercus muehlenbergii",144,144,230,230,157,179,173,179,243,243,137,137,"198","206",200,200,223,223,90,116,100,100,181,181,222,230
"113","UHA-0140","","UHA-0010","O","Quercus muehlenbergii",144,146,230,234,165,177,173,179,243,243,137,139,"198","214",200,200,223,223,102,112,100,100,175,181,230,230
"114","UHA-0141","","UHA-0010","O","Quercus muehlenbergii",144,146,230,232,155,177,173,176,243,257,137,137,"198","208",202,202,223,223,98,116,100,100,169,181,222,230
"115","UHA-0142","","UHA-0010","O","Quercus muehlenbergii",144,144,230,234,175,179,176,179,243,243,137,139,"198","206",198,202,223,223,84,116,100,100,169,171,230,234
"116","UHA-0143","","UHA-0010","O","Quercus muehlenbergii",144,146,230,234,165,177,173,179,243,255,137,139,"216","216",200,200,223,223,112,120,100,100,165,181,230,234
"117","UHA-0144","","UHA-0010","O","Quercus muehlenbergii",144,144,230,234,179,179,179,179,253,255,137,139,"198","200",200,200,223,225,116,116,100,100,165,169,222,234
"119","UHA-0146","","UHA-0010","O","Quercus muehlenbergii",146,146,230,234,177,179,179,179,243,249,137,137,"216","216",200,200,223,223,116,122,100,100,169,181,230,234
"120","UHA-0147","","UHA-0010","O","Quercus muehlenbergii",144,144,230,234,165,179,179,179,243,249,137,137,"198","214",200,200,0,0,116,120,100,100,169,181,230,234
"121","UHA-0148","","UHA-0012","O","Quercus muehlenbergii",144,144,210,220,165,175,173,179,253,259,137,137,"198","198",200,200,223,223,62,78,100,100,165,171,222,232
"122","UHA-0150","","UHA-0012","O","Quercus muehlenbergii",144,146,230,234,165,175,173,173,265,271,137,137,"200","214",200,200,223,223,78,110,100,100,167,173,222,230
"123","UHA-0151","","UHA-0012","O","Quercus muehlenbergii",144,144,210,230,165,165,173,173,257,271,137,137,"200","200",200,200,223,223,78,114,100,100,159,171,222,230
"124","UHA-0152","","UHA-0012","O","Quercus muehlenbergii",146,146,230,230,175,179,173,173,253,257,137,149,"200","206",200,200,223,223,78,90,100,100,169,171,222,222
"125","UHA-0153","","UHA-0012","O","Quercus muehlenbergii",144,184,210,210,165,179,173,173,257,271,137,137,"200","206",200,200,223,223,78,90,100,100,169,171,222,222
"126","UHA-0154","","UHA-0012","O","Quercus muehlenbergii",146,146,230,232,175,179,173,179,253,257,137,137,"212","212",200,200,223,223,98,112,100,100,169,171,222,222
"127","UHA-0155","","UHA-0012","O","Quercus muehlenbergii",144,146,210,234,155,175,173,179,253,265,137,137,"200","210",200,200,223,223,78,98,100,100,159,171,222,238
"128","UHA-0156","","UHA-0012","O","Quercus muehlenbergii",146,176,230,232,175,179,173,173,245,253,137,137,"202","202",200,200,223,223,102,112,100,100,169,171,219,222
"129","UHA-0157","","UHA-0012","O","Quercus muehlenbergii",146,146,210,232,175,177,173,179,253,257,137,137,"200","210",200,200,223,223,98,112,100,100,165,171,222,222
"130","UHA-0158","","UHA-0012","O","Quercus muehlenbergii",144,146,216,230,165,177,173,179,269,271,137,137,"200","210",200,200,223,225,98,112,100,100,167,167,222,234
"131","UHA-0159","","UHA-0012","O","Quercus muehlenbergii",144,144,230,230,157,165,173,179,243,271,137,137,"200","216",200,200,223,223,68,110,100,100,167,181,222,222
"132","UHA-0160","","UHA-0012","O","Quercus muehlenbergii",144,146,210,234,155,175,173,176,265,271,137,137,"200","210",200,202,223,223,78,98,100,100,169,171,222,238
"133","UHA-0161","","UHA-0012","O","Quercus muehlenbergii",146,146,230,230,175,179,173,173,257,271,137,149,"200","216",200,200,223,223,78,90,100,100,167,169,222,222
"134","UHA-0162","","UHA-0012","O","Quercus muehlenbergii",144,146,230,232,175,175,170,173,245,253,137,137,"0","0",200,206,223,223,68,112,100,123,167,171,222,228
"135","UHA-0163","","UHA-0012","O","Quercus muehlenbergii",144,146,210,232,165,177,173,179,257,271,137,137,"200","212",200,200,223,223,78,98,100,100,167,169,222,222
"136","UHA-0164","","UHA-0016","O","Quercus muehlenbergii",144,146,230,234,165,175,173,173,257,265,137,137,"204","216",200,200,0,0,0,0,100,100,173,173,214,222
"137","UHA-0165","","UHA-0016","O","Quercus muehlenbergii",144,146,230,230,155,177,173,173,253,265,137,137,"216","216",200,200,225,225,90,112,100,100,169,173,222,222
"138","UHA-0166","","UHA-0013","O","Quercus muehlenbergii",142,146,216,216,175,179,173,173,253,257,137,139,"212","216",198,210,223,225,94,114,100,100,169,171,232,232
"139","UHA-0167","","UHA-0013","O","Quercus muehlenbergii",144,184,216,216,157,179,173,179,257,263,137,137,"200","216",200,200,0,0,68,90,100,100,169,181,222,232
"141","UHA-0169","","UHA-0013","O","Quercus muehlenbergii",144,144,230,234,163,179,173,173,249,253,137,137,"200","214",200,200,223,225,68,90,100,112,169,169,220,234
"142","UHA-0172","","","P","Quercus x humidicola",148,148,220,226,171,185,173,173,241,259,137,137,"198","204",204,210,223,225,60,66,102,104,167,175,228,232
"144","UHA-0174","","","P","Quercus macrocarpa",142,144,234,234,155,169,173,173,237,243,137,137,"212","214",208,208,223,223,60,66,102,104,165,167,228,232
"145","UHA-0175","","","P","Quercus macrocarpa",144,144,226,234,155,183,170,170,243,249,137,137,"200","216",206,206,225,225,72,72,102,102,167,173,232,236
"146","UHA-0176","","","P","Quercus x humidicola",142,146,206,206,161,177,173,173,251,255,137,137,"198","198",202,202,223,223,68,110,100,100,165,167,238,240
"147","UHA-0177","","","P","Quercus macrocarpa",144,144,232,232,175,175,170,170,245,251,137,137,"0","0",206,206,223,223,68,72,100,123,167,169,228,228
"148","UHA-0178","","","P","Quercus macrocarpa",146,146,206,208,177,177,173,173,251,251,137,137,"198","198",202,202,223,223,58,88,100,100,165,167,234,238
"149","UHA-0179","","","P","Quercus macrocarpa",148,148,204,228,173,175,170,173,251,251,135,137,"200","204",202,204,227,227,56,68,0,0,159,167,228,232
"150","UHA-0180","","","P","Quercus macrocarpa",152,152,230,230,155,169,170,170,249,257,137,137,"200","202",206,206,223,223,74,74,102,102,167,171,228,232
"151","UHA-0181","","","P","Quercus macrocarpa",144,146,230,232,157,171,170,170,243,247,137,141,"202","216",208,220,225,225,66,106,102,102,171,173,230,236
"152","UHA-0182","","","P","Quercus macrocarpa",144,148,224,232,157,169,170,170,237,259,137,139,"198","214",214,222,0,0,60,60,102,102,169,169,232,238
"153","UHA-0183","","","P","Quercus alba",142,144,206,208,165,167,173,173,265,265,137,137,"202","218",202,202,0,0,68,70,100,100,159,167,238,238
"155","UHA-0186","","","P","Quercus alba",142,146,206,208,163,169,173,173,269,271,137,137,"198","200",202,202,223,223,68,78,100,100,159,167,234,246
"156","UHA-0187","","","P","Quercus alba",146,146,206,208,165,165,173,173,253,253,137,137,"200","202",202,202,223,223,70,70,100,100,165,165,228,232
"157","UHA-0188","","","P","Quercus alba",142,144,206,206,163,167,173,173,243,255,137,137,"208","208",202,202,223,223,58,66,100,100,165,169,232,244
"158","UHA-0189","","","P","Quercus alba",144,144,206,206,163,165,173,173,243,255,137,137,"208","218",202,202,223,223,58,66,100,100,165,169,232,238
"159","UHA-0190","","","P","Quercus alba",144,146,206,206,163,165,173,173,243,245,137,137,"206","218",202,202,223,223,58,72,100,100,159,161,232,238
"160","UHA-0191","","","P","Quercus alba",146,146,206,206,165,165,173,173,249,263,135,137,"218","230",202,202,223,223,68,68,100,100,165,165,244,244
"161","UHA-0193","","","P","Quercus bicolor",148,148,204,228,161,179,173,173,249,259,137,137,"198","202",204,204,225,225,60,66,0,0,159,159,228,232
"162","UHA-0194","","","P","Quercus bicolor",144,144,228,228,171,171,170,176,241,255,137,147,"198","204",0,0,0,0,68,68,93,93,159,167,228,238
"163","UHA-0195","","","P","Quercus bicolor",144,144,226,226,171,183,0,0,235,259,137,137,"198","198",204,204,0,0,60,64,0,0,159,167,228,228
"164","UHA-0196","","","P","Quercus bicolor",144,144,228,236,165,173,173,173,245,245,137,137,"198","206",204,204,225,225,60,68,0,0,159,167,232,232
"165","UHA-0197","","","P","Quercus bicolor",148,148,204,220,177,181,173,173,243,259,137,137,"206","212",204,204,0,0,60,68,0,0,159,173,228,228
"166","UHA-0198","","","P","Quercus bicolor",142,148,220,228,157,169,173,173,251,255,137,137,"206","214",208,214,225,225,60,108,0,0,175,175,228,228
"167","UHA-0199","","","P","Quercus bicolor",144,148,228,234,167,167,173,173,255,255,137,137,"198","214",204,208,223,223,60,64,0,0,159,161,228,232
"168","UHA-0202","","","P","Quercus bicolor",148,148,220,226,179,179,173,173,247,251,137,139,"202","220",208,208,223,223,54,70,0,0,159,167,230,232
"169","UHA-0203","","","P","Quercus bicolor",148,148,220,226,173,181,173,173,255,259,137,137,"198","198",204,204,223,227,60,60,0,0,161,163,232,232
"170","UHA-0204","","","P","Quercus bicolor",148,148,228,228,181,203,173,173,251,253,137,137,"198","212",204,210,223,223,60,60,102,104,161,173,228,232
"171","UHA-0205","","","P","Quercus bicolor",144,144,226,226,173,183,173,173,241,259,137,137,"198","200",204,204,223,223,60,60,0,0,159,159,228,228
"173","UHA-0207","","","P","Quercus bicolor",148,148,228,230,171,185,173,173,251,257,137,137,"204","208",204,210,221,221,72,74,0,0,159,159,228,232
"174","UHA-0208","","","P","Quercus bicolor",142,144,228,230,157,161,173,173,251,253,137,137,"210","210",206,206,225,225,60,70,0,0,159,159,228,228
"176","UHA-0210","","","P","Quercus × deamii",144,144,220,226,175,179,0,0,243,251,137,137,"202","216",200,200,223,223,84,122,100,100,171,173,222,238
"177","UHA-0211","","","P","Quercus dentata",144,144,218,218,161,161,173,173,227,233,135,135,"200","202",202,204,225,225,58,68,0,0,159,161,212,240
"178","UHA-0212","","","P","Quercus dentata",144,144,218,218,161,161,173,173,227,233,135,135,"0","0",202,204,225,225,58,68,0,0,159,161,212,240
"179","UHA-0213","","","P","Quercus prinoides",144,144,206,226,163,163,173,185,253,253,137,137,"200","204",202,206,223,223,60,60,96,100,165,165,234,238
"180","UHA-0214","","","P","Quercus prinoides",144,144,206,224,163,163,185,185,245,263,137,141,"204","220",202,204,223,223,60,64,96,100,161,167,234,238
"181","UHA-0215","","","P","Quercus × humidicola",144,144,206,230,161,163,173,173,253,259,137,137,"208","210",202,206,223,223,68,68,100,100,159,161,228,244
"182","UHA-0216","","","P","Quercus × humidicola",144,146,206,230,161,171,170,170,235,253,135,137,"0","0",202,206,0,0,58,64,100,100,159,167,228,234
"183","UHA-0217","","","P","Quercus × humidicola",144,144,206,226,161,165,173,173,253,253,137,137,"198","216",202,206,223,223,58,64,100,100,159,159,230,240
"184","UHA-0218","","","P","Quercus × humidicola",146,146,206,226,161,161,170,170,253,261,137,137,"198","228",202,206,223,223,64,98,100,100,159,165,230,238
"185","UHA-0219","","","P","Quercus × humidicola",144,146,230,238,167,169,173,173,247,253,137,137,"210","210",202,204,0,0,66,70,0,0,159,167,228,228
"186","UHA-0220","","","P","Quercus × humidicola",144,144,222,230,155,169,170,170,245,253,137,137,"198","234",202,202,223,223,64,68,100,100,159,159,228,238
"187","UHA-0221","","","P","Quercus × macdanielii",142,144,228,230,161,183,173,173,251,255,137,137,"202","202",204,204,223,223,64,64,130,130,167,171,228,232
"188","UHA-0222","","","P","Quercus × macdanielii",142,144,228,230,161,183,173,173,251,255,137,137,"202","202",204,204,223,223,64,64,130,130,167,171,228,232
"189","UHA-0223","","","P","Quercus macrocarpa",142,148,226,230,159,163,173,173,257,269,137,137,"198","198",204,210,223,223,66,70,123,123,167,171,230,238
"190","UHA-0224","","","P","Quercus macrocarpa",144,146,230,234,165,177,173,173,253,257,137,137,"204","216",200,200,225,225,112,116,100,100,169,173,214,222
"191","UHA-0225","","","P","Quercus macrocarpa",142,146,226,232,159,179,170,170,233,251,137,137,"208","208",202,210,223,223,58,96,100,100,163,173,228,228
"192","UHA-0226","","","P","Quercus macrocarpa",146,146,226,226,171,177,170,170,233,251,137,137,"208","212",208,210,223,223,96,108,100,102,163,163,228,236
"193","UHA-0227","","","P","Quercus macrocarpa",142,144,230,230,159,177,170,170,249,269,137,137,"198","198",204,210,223,223,66,110,102,123,169,169,230,236
"194","UHA-0228","","","P","Quercus macrocarpa",142,144,230,230,159,173,170,170,251,269,137,137,"200","200",206,210,223,223,66,66,123,123,171,171,230,236
"196","UHA-0230","","","P","Quercus macrocarpa",0,0,226,236,167,173,173,173,261,265,137,137,"200","200",206,208,223,223,58,72,100,100,167,169,228,232
"197","UHA-0231","","","P","Quercus macrocarpa",144,146,222,238,163,169,170,170,249,259,137,137,"200","232",206,208,223,229,64,64,100,135,169,173,228,230
"198","UHA-0232","","","P","Quercus macrocarpa",146,148,222,236,161,169,170,170,249,261,137,137,"206","208",206,206,223,223,64,64,100,100,167,171,228,236
"199","UHA-0233","","","P","Quercus macrocarpa",144,144,220,234,163,167,170,170,235,259,137,137,"200","204",206,220,223,225,64,68,100,100,173,173,228,228
"200","UHA-0234","","","P","Quercus macrocarpa",142,144,230,236,165,169,170,170,259,259,137,137,"198","198",206,210,223,223,64,72,102,102,161,173,232,236
"201","UHA-0235","","","P","Quercus macrocarpa",144,144,226,230,169,169,173,173,257,259,137,137,"200","212",206,208,221,221,84,100,100,102,161,173,232,236
"202","UHA-0236","","","P","Quercus macrocarpa",148,148,234,236,161,167,173,173,251,259,137,137,"200","212",206,220,223,223,68,70,100,100,167,173,228,234
"203","UHA-0237","","","P","Quercus macrocarpa",0,0,232,234,167,179,170,170,247,249,137,137,"200","200",220,220,223,223,84,84,100,100,167,175,228,228
"204","UHA-0238","","","P","Quercus macrocarpa",144,144,232,234,169,171,170,170,249,253,137,137,"204","218",204,210,223,227,0,0,100,102,169,173,228,230
"205","UHA-0239","","","P","Quercus macrocarpa",146,146,230,234,169,171,170,170,249,249,137,137,"200","200",204,208,223,223,82,86,100,124,169,169,228,230
"206","UHA-0240","","","P","Quercus macrocarpa",144,144,234,238,157,179,170,170,247,247,137,137,"202","202",204,210,223,223,94,96,102,124,167,167,230,236
"207","UHA-0241","","","P","Quercus macrocarpa",144,144,230,242,163,169,170,170,231,241,137,137,"200","200",204,212,225,225,70,70,102,102,167,171,230,236
"208","UHA-0242","","","P","Quercus macrocarpa",144,148,230,236,163,169,170,170,259,261,137,137,"200","214",204,212,223,225,72,72,102,102,171,176,228,230
"209","UHA-0243","","","P","Quercus macrocarpa",142,144,226,230,169,177,170,173,231,235,137,137,"202","202",212,212,0,0,72,72,102,102,155,167,228,230
"210","UHA-0244","","","P","Quercus macrocarpa",142,144,226,230,169,177,170,173,231,235,137,137,"202","202",202,212,223,223,72,80,100,102,155,167,230,232
"211","UHA-0245","","","P","Quercus macrocarpa",142,144,230,232,163,179,170,170,235,249,137,137,"210","210",202,202,0,0,76,80,100,100,173,173,228,228
"212","UHA-0246","","","P","Quercus macrocarpa",144,148,232,234,157,169,170,179,247,251,137,137,"200","202",204,206,223,225,0,0,100,102,167,167,230,236
"213","UHA-0247","","","P","Quercus macrocarpa",144,144,220,222,155,155,173,173,245,245,137,137,"198","198",210,210,0,0,72,72,102,137,165,173,230,234
"214","UHA-0248","","","P","Quercus michauxii",144,144,220,222,155,155,173,173,243,267,137,137,"216","216",202,204,223,223,86,86,100,100,169,169,226,242
"215","UHA-0249","","","P","Quercus michauxii",144,192,218,218,173,173,167,173,245,245,137,137,"220","220",204,204,0,0,86,86,100,100,169,173,232,232
"216","UHA-0251","","","P","Quercus mongolica",144,144,224,228,161,173,173,176,245,249,135,137,"202","202",200,204,221,225,56,64,102,137,165,167,238,246
"217","UHA-0252","","","P","Quercus mongolica",142,146,234,236,159,159,176,185,233,243,137,137,"0","0",200,200,221,227,60,74,123,145,159,159,249,249
"218","UHA-0254","","","P","Quercus montana",144,146,228,228,179,179,176,179,245,245,135,137,"0","0",202,206,225,225,58,62,115,115,167,167,232,240
"219","UHA-0255","","","P","Quercus montana",144,144,216,234,165,179,179,179,267,269,137,137,"0","0",204,206,223,225,64,64,112,124,173,173,228,240
"220","UHA-0256","","","P","Quercus muehlenbergii",144,144,232,234,155,173,176,179,257,265,137,137,"200","200",0,0,223,223,94,100,0,0,173,173,222,234
"221","UHA-0257","MT8","","P","Quercus muehlenbergii",144,146,232,232,163,177,173,179,257,261,137,137,"208","210",200,202,223,223,98,114,100,100,159,169,222,238
"222","UHA-0258","","","P","Quercus muehlenbergii",144,144,234,234,165,179,179,179,249,255,137,139,"210","210",200,200,0,0,100,104,100,100,165,169,222,222
"223","UHA-0259","","","P","Quercus muehlenbergii",144,184,230,230,157,179,173,179,243,257,137,137,"200","214",0,0,223,223,118,120,100,100,165,169,222,234
"224","UHA-0260","MT9","","P","Quercus muehlenbergii",142,144,216,230,175,177,173,179,243,249,137,149,"206","216",200,200,223,223,68,90,100,100,169,181,222,222
"225","UHA-0261","MT10","","P","Quercus muehlenbergii",144,146,216,230,177,179,173,173,251,253,137,139,"198","216",200,200,223,225,84,84,100,100,169,181,222,222
"226","UHA-0262","","","P","Quercus muehlenbergii",144,146,216,230,177,179,173,173,251,253,137,137,"200","216",200,200,223,223,86,112,100,100,171,171,232,234
"227","UHA-0263","","","P","Quercus muehlenbergii",144,146,216,230,177,179,173,173,251,253,137,139,"216","216",200,200,223,225,86,112,100,100,169,171,222,232
"228","UHA-0264","","","P","Quercus muehlenbergii",144,146,230,234,165,175,173,173,253,257,137,137,"200","204",200,200,225,225,100,100,100,100,169,173,214,222
"229","UHA-0265","","","P","Quercus muehlenbergii",144,146,230,234,177,179,173,173,253,255,137,139,"200","200",200,200,225,225,116,116,100,100,169,173,222,236
"230","UHA-0266","","","P","Quercus muehlenbergii",144,146,230,234,155,175,173,179,253,265,137,137,"214","214",200,200,0,0,90,110,100,100,171,173,222,230
"231","UHA-0267","","","P","Quercus muehlenbergii",144,146,216,230,177,179,173,179,253,263,137,137,"200","200",200,200,225,225,90,114,100,100,169,169,232,234
"232","UHA-0268","","","P","Quercus prinoides",144,144,234,238,179,179,176,176,253,261,137,139,"200","208",200,200,223,223,110,110,100,100,159,173,214,226
"233","UHA-0269","","","P","Quercus prinoides",144,144,234,234,163,179,173,176,249,267,137,137,"202","214",200,206,223,223,68,86,107,112,169,173,220,234
"234","UHA-0270","","","P","Quercus prinoides",144,144,224,240,175,187,170,173,261,263,137,137,"198","198",200,202,223,225,133,133,100,100,159,165,222,226
"235","UHA-0271","","","P","Quercus prinoides",144,144,216,216,165,183,170,173,263,269,137,137,"212","214",200,202,223,225,70,70,100,100,159,169,222,224
"236","UHA-0272","","","P","Quercus prinoides",144,148,230,240,173,179,170,179,261,261,137,139,"198","208",200,200,223,223,70,96,100,100,159,165,220,222
"237","UHA-0273","","","P","Quercus robur",0,0,216,234,161,189,173,200,243,243,137,137,"198","198",204,210,223,225,54,68,100,130,163,165,220,228
"238","UHA-0276","","","P","Quercus stellata",146,146,224,226,161,165,176,176,245,245,141,141,"196","202",206,208,223,223,54,74,96,96,167,167,234,238
"239","UHA-0277","","","P","Quercus stellata",146,146,0,0,163,167,176,176,245,247,139,143,"196","212",202,214,223,223,74,76,96,96,161,167,234,238
"240","UHA-0278","","","P","Quercus stellata",146,146,224,224,163,167,176,179,237,245,139,141,"196","214",206,206,223,223,60,62,96,96,175,175,234,234
"243","UHA-0281","","","P","Quercus macrocarpa",138,144,232,238,159,179,0,0,235,259,139,139,"200","200",202,202,223,223,64,102,100,100,161,165,234,234
"244","UHA-0282","","","P","Quercus macrocarpa",144,144,226,230,155,155,170,170,235,243,137,137,"198","198",208,208,223,223,64,66,102,102,167,167,228,236
"246","UHA-0284","","","P","Quercus macrocarpa",144,144,202,232,171,177,170,170,257,269,137,137,"200","210",204,210,223,223,66,80,100,102,167,167,232,236
"247","UHA-0285","","","P","Quercus macrocarpa",144,146,206,206,161,163,173,173,235,245,137,137,"204","204",202,202,223,223,64,68,100,100,163,167,234,246
"248","UHA-0287","","","P","Quercus macrocarpa",146,146,206,220,161,163,0,0,255,269,137,137,"202","202",202,202,0,0,58,70,100,100,161,167,0,0
"249","UHA-0288","","","P","Quercus macrocarpa",144,144,232,232,163,167,170,170,251,269,137,137,"200","200",0,0,223,223,78,78,102,112,159,171,222,228
"252","UHA-0292","","","P","Quercus muehlenbergii",0,0,222,226,157,165,173,173,257,259,137,137,"198","200",210,210,0,0,66,66,100,102,155,167,232,236
"253","UHA-0293","","","P","Quercus muehlenbergii",144,144,230,238,157,175,173,173,257,259,137,137,"206","222",206,206,0,0,62,62,104,140,155,167,228,236
"254","UHA-0295","","","P","Quercus macrocarpa",0,0,222,226,157,165,173,173,257,259,137,137,"198","200",210,210,0,0,66,66,100,102,155,167,232,236
"255","UHA-0298","","UHA-0351","O","Quercus muehlenbergii",144,144,216,230,165,173,173,179,257,257,137,139,"200","214",200,200,223,223,96,114,100,100,159,169,222,230
"256","UHA-0299","","","P","Quercus macrocarpa",144,144,230,230,169,169,170,170,249,265,137,137,"202","202",208,212,225,225,62,84,154,154,159,171,230,232
"257","UHA-0300","","","P","Quercus alba",144,146,206,206,163,163,173,173,245,259,137,137,"220","220",202,204,223,223,58,70,100,100,159,165,234,238
"258","UHA-0301","","","P","Quercus macrocarpa",146,146,230,234,163,169,170,170,247,249,137,137,"200","200",204,204,225,225,122,122,102,102,159,171,226,236
"259","UHA-0302","","","P","Quercus macrocarpa",144,152,230,240,155,169,170,170,253,255,137,139,"200","210",204,206,0,0,66,70,102,102,171,173,228,228
"260","UHA-0303","","","P","Quercus macrocarpa",144,146,232,232,163,169,173,173,249,261,137,137,"200","204",204,206,223,225,104,104,100,102,171,171,228,238
"262","UHA-0305","","","P","Quercus macrocarpa",146,146,222,230,167,169,170,170,247,271,137,137,"200","200",204,210,0,0,92,122,102,102,159,167,226,230
"263","UHA-0306","","","P","Quercus macrocarpa",144,146,230,232,169,173,170,170,243,271,137,137,"200","214",204,208,0,0,76,122,102,123,173,173,226,228
"264","UHA-0307","","","P","Quercus macrocarpa",144,144,234,234,157,175,170,170,257,259,137,137,"202","206",210,214,223,223,88,98,104,124,155,173,228,234
"265","UHA-0308","","","P","Quercus macrocarpa",146,146,230,230,163,169,0,0,247,251,137,137,"198","198",204,204,0,0,72,92,102,102,159,171,226,238
"266","UHA-0309","","","P","Quercus macrocarpa",144,144,232,234,157,161,170,170,237,259,137,137,"202","202",210,212,223,223,66,88,123,124,155,173,234,234
"268","UHA-0311","","","P","Quercus alba",146,150,206,206,161,193,173,173,259,263,137,137,"206","232",202,202,223,223,64,68,100,100,159,165,234,246
"269","UHA-0312","","","P","Quercus macrocarpa",146,146,230,234,169,171,170,170,247,257,137,137,"198","198",202,204,0,0,88,124,102,102,159,173,226,238
"270","UHA-0313","","","P","Quercus macrocarpa",144,146,234,244,169,171,170,170,249,257,137,137,"200","200",202,206,221,223,70,88,102,124,173,173,238,238
"271","UHA-0314","","","P","Quercus alba",144,144,206,206,165,167,173,173,243,269,135,137,"0","0",0,0,0,0,62,64,100,100,165,169,234,234
"272","UHA-0315","","","P","Quercus macrocarpa",144,148,234,238,163,165,173,173,243,253,137,137,"198","214",204,212,225,225,64,66,102,102,159,159,228,234
"274","UHA-0317","","","P","Quercus macrocarpa",144,144,232,238,163,179,170,170,235,259,137,137,"198","206",202,202,0,0,114,114,127,154,155,175,230,230
"275","UHA-0318","","","P","Quercus macrocarpa",144,144,234,236,159,169,170,170,237,249,137,137,"198","210",206,208,0,0,66,66,100,102,159,173,232,232
"276","UHA-0319","","","P","Quercus alba",144,150,206,206,167,193,173,173,259,263,137,137,"198","198",202,202,223,223,62,66,100,100,159,165,234,234
"277","UHA-0320","","","P","Quercus alba",146,150,206,206,177,193,173,173,255,263,137,137,"198","214",202,202,223,223,64,116,100,100,159,167,234,238
"278","UHA-0321","","","P","Quercus macrocarpa",144,146,230,234,169,169,170,170,233,265,137,137,"200","210",204,204,0,0,128,128,102,137,159,173,228,232
"279","UHA-0322","","","P","Quercus macrocarpa",144,146,234,240,171,173,170,170,249,255,137,139,"198","216",208,212,223,223,66,66,142,142,159,167,232,234
"280","UHA-0323","","","P","Quercus alba",144,144,206,226,167,177,173,173,235,263,137,137,"198","198",202,202,223,223,64,88,100,100,159,167,226,234
"285","UHA-0328","","","P","Quercus macrocarpa",146,146,230,236,163,167,170,170,249,255,137,137,"200","200",206,208,225,225,0,0,102,102,171,173,228,230
"286","UHA-0329","","","P","Quercus alba",144,146,230,232,169,169,170,170,251,251,137,137,"200","202",204,206,223,223,64,64,102,132,161,173,212,232
"287","UHA-0330","","","P","Quercus macrocarpa",142,144,232,236,157,173,170,170,245,249,137,137,"198","198",206,206,223,225,70,70,100,102,171,171,226,228
"288","UHA-0331","","","P","Quercus alba",142,146,0,0,161,165,0,0,0,0,137,137,"202","214",202,202,223,223,66,86,100,100,165,167,234,234
"289","UHA-0332","","","P","Quercus macrocarpa",144,144,230,238,157,179,170,170,255,257,137,137,"202","204",208,208,225,225,62,62,140,155,155,173,228,230
"290","UHA-0333","","","P","Quercus alba",144,146,206,206,165,191,173,173,255,267,137,137,"198","198",202,202,223,223,66,70,100,100,165,167,234,234
"291","UHA-0334","","","P","Quercus macrocarpa",144,144,206,206,163,163,173,173,235,245,137,137,"210","210",202,202,223,223,68,68,100,100,161,167,217,234
"292","UHA-0335","","","P","Quercus macrocarpa",0,0,230,240,163,167,170,170,249,251,137,137,"Multiple peaks","Multiple peaks",206,206,225,225,68,68,102,150,171,171,228,230
"294","UHA-0337","","","P","Quercus macrocarpa",144,148,230,230,155,157,170,170,251,253,137,137,"198","198",206,208,223,223,68,76,102,104,159,173,228,230
"295","UHA-0338","","","P","Quercus alba",144,150,206,222,163,163,173,173,245,281,137,137,"202","216",0,0,223,223,66,66,100,100,159,167,234,238
"296","UHA-0339","","","P","Quercus alba",144,146,206,206,163,163,170,170,263,269,137,137,"210","210",202,204,223,223,58,58,100,100,167,167,234,234
"297","UHA-0340","","","P","Quercus macrocarpa",144,144,228,238,177,179,170,170,257,261,137,137,"202","212",206,206,223,223,64,64,100,102,159,167,226,230
"298","UHA-0343","","","P","Quercus alba",144,144,206,206,163,175,170,170,257,269,137,141,"202","222",202,212,223,223,62,68,100,100,161,167,234,234
"299","UHA-0344","","","P","Quercus macrocarpa",144,144,232,236,157,173,170,170,249,259,137,137,"200","232",208,208,225,225,64,80,104,123,161,167,230,230
"300","UHA-0345","","","P","Quercus macrocarpa",144,146,232,238,157,169,170,170,247,259,137,137,"200","200",206,214,225,225,78,116,102,115,167,169,228,232
"301","UHA-0346","","","P","Quercus macrocarpa",142,144,222,226,163,163,0,0,241,259,137,137,"198","202",202,210,223,223,66,104,102,102,167,171,230,242
"304","UHA-0349","","","P","Quercus macrocarpa",146,146,226,234,157,169,0,0,235,261,137,137,"0","0",210,212,0,0,84,98,102,104,167,173,228,230
"305","UHA-0350","","","P","Quercus alba",144,146,206,206,163,163,173,173,243,253,137,137,"200","200",202,202,223,223,66,106,100,100,167,167,234,238
"306","UHA-0351","MT11","","P","Quercus muehlenbergii",144,144,216,230,165,173,173,179,257,257,137,139,"200","214",198,198,223,223,96,114,100,100,159,169,222,230
"307","UHA-0352","","","P","Quercus alba",144,144,226,240,155,169,170,170,241,241,137,137,"198","198",210,214,0,0,70,100,100,143,167,167,230,230
"308","UHA-0353","","","P","Quercus macrocarpa",144,146,232,236,155,169,170,170,235,249,137,137,"198","200",208,208,0,0,60,106,102,102,159,171,228,234
"309","UHA-0354","","","P","Quercus macrocarpa",144,144,228,236,157,177,173,173,249,261,137,137,"202","206",206,206,223,223,106,106,104,104,165,167,226,228
"310","UHA-0355","","","P","Quercus macrocarpa",144,144,226,230,157,163,170,170,251,261,137,137,"210","214",206,220,0,0,62,70,102,102,159,167,220,236
"312","UHA-0357","","","P","Quercus macrocarpa",144,144,230,240,155,167,170,170,257,259,137,137,"196","210",206,210,223,223,66,100,102,132,155,165,228,238
"313","UHA-0358","","","P","Quercus macrocarpa",144,144,238,240,155,175,170,170,253,261,137,137,"200","210",210,210,225,225,74,100,100,102,159,173,232,232
"314","UHA-0359","","","P","Quercus macrocarpa",144,146,232,236,163,171,173,173,237,265,137,137,"202","214",208,208,223,223,62,118,142,154,161,171,234,236
"316","UHA-0361","","","P","Quercus alba",0,0,230,232,157,169,0,0,0,0,137,139,"198","208",208,208,223,223,62,102,104,104,159,167,230,234
"317","UHA-0362","","","P","Quercus macrocarpa",144,144,230,230,157,169,170,170,257,263,137,137,"198","204",206,212,223,223,104,104,100,127,159,173,230,230
"318","UHA-0363","","","P","Quercus macrocarpa",144,144,230,240,155,169,0,0,0,0,137,137,"198","198",208,208,223,223,92,100,100,104,159,159,228,232
"319","UHA-0365","","","P","Quercus macrocarpa",144,144,230,232,163,171,170,170,251,257,137,137,"198","198",208,208,223,223,66,98,154,154,155,159,228,234
"320","UHA-0366","","","P","Quercus macrocarpa",144,146,232,236,157,171,173,179,251,257,137,137,"200","234",210,210,223,223,66,68,112,151,155,171,230,234
"321","UHA-0367","","","P","Quercus alba",144,146,206,206,169,185,173,173,245,253,139,139,"208","212",202,202,223,223,80,86,100,100,165,165,228,234
"322","UHA-0368","","","P","Quercus alba",144,146,206,206,161,163,173,173,243,243,135,135,"198","206",202,202,223,223,68,70,100,100,167,167,232,238
"324","UHA-0370","","","P","Quercus alba",142,144,206,206,165,167,0,0,229,243,137,137,"198","204",202,202,223,223,66,66,100,100,159,167,232,240
"325","UHA-0371","","","P","Quercus alba",144,144,206,206,165,165,0,0,243,245,137,137,"208","216",202,202,223,223,64,104,100,100,165,167,234,238
"326","UHA-0372","","","P","Quercus macrocarpa",142,144,232,234,163,181,0,0,251,257,137,137,"198","198",206,208,223,223,66,112,102,154,155,169,230,234
"327","UHA-0373","","","P","Quercus macrocarpa",142,144,230,230,163,163,0,0,0,0,137,137,"200","202",208,216,229,229,62,62,127,137,167,173,226,230
"329","UHA-0375","","","P","Quercus macrocarpa",142,142,234,236,157,173,173,173,247,247,137,137,"200","200",208,216,223,225,62,62,100,102,161,173,228,230
"330","UHA-0376","","","P","Quercus macrocarpa",144,144,230,230,169,169,170,173,251,251,137,137,"200","200",204,204,223,225,104,104,102,104,167,167,228,230
"332","UHA-0378","","","P","Quercus alba",144,146,206,206,163,185,173,173,247,255,137,137,"200","228",202,202,223,223,68,106,100,100,165,169,238,244
"334","UHA-0380","","","P","Quercus alba",144,146,206,206,163,173,0,0,249,253,137,137,"198","202",202,202,223,223,94,100,100,100,165,165,234,234
"335","UHA-0381","","","P","Quercus alba",144,144,206,220,161,177,170,170,245,267,135,137,"198","204",202,202,223,223,86,100,100,100,165,167,234,234
"337","UHA-0383","","","P","Quercus alba",146,146,204,206,165,173,0,0,245,261,137,137,"204","208",0,0,223,223,64,70,100,100,163,165,238,238
"338","UHA-0384","","","P","Quercus alba",144,144,206,206,163,165,170,170,249,265,137,137,"200","220",202,202,0,0,70,88,100,100,167,167,234,240
"339","UHA-0385","","","P","Quercus alba",144,144,206,208,161,161,170,170,263,265,137,137,"202","208",202,202,223,223,108,108,100,100,165,165,234,234
"341","UHA-0387","","","P","Quercus alba",142,142,206,206,161,167,170,170,253,265,137,137,"200","202",202,202,223,223,88,118,100,100,165,165,234,234
"342","UHA-0388","","","P","Quercus alba",142,146,206,206,163,169,173,173,265,265,137,137,"200","204",202,202,223,223,86,118,100,100,165,169,234,244
"343","UHA-0389","","","P","Quercus alba",142,146,206,206,163,167,0,0,249,259,137,137,"200","208",202,202,223,223,62,70,100,100,159,163,234,244
"344","UHA-0390","","","P","Quercus alba",142,142,206,206,163,167,173,173,243,265,137,137,"200","200",202,202,223,223,64,88,100,100,165,167,234,246
"345","UHA-0391","","","P","Quercus alba",146,146,206,208,163,165,173,173,247,265,139,139,"202","222",202,202,223,223,66,88,100,100,159,165,234,242
"346","UHA-0392","","","P","Quercus alba",146,146,206,206,163,183,173,173,253,255,137,137,"198","216",202,202,223,223,66,76,100,100,165,165,222,234
"347","UHA-0393","","","P","Quercus alba",142,146,206,208,163,183,173,173,261,263,137,137,"220","220",202,202,223,223,76,100,100,100,165,169,234,234
"352","UHA-0398","","","P","Quercus macrocarpa",144,144,220,234,157,175,170,179,251,271,137,137,"202","210",202,206,225,225,68,94,100,112,167,173,228,230
"353","UHA-0399","","","P","Quercus macrocarpa",142,144,230,236,163,169,170,170,251,267,137,137,"206","206",206,210,0,0,64,64,100,102,159,171,230,236
"371","UHA-0417","","","P","Quercus alba",144,146,206,206,163,185,173,173,255,257,135,137,"200","200",202,202,223,223,66,90,100,100,165,169,226,238
"372","UHA-0418","","","P","Quercus alba",144,144,206,206,163,185,173,173,253,255,135,137,"200","204",202,202,223,223,98,100,100,100,165,165,238,246
"373","UHA-0419","","","P","Quercus alba",144,146,206,206,161,163,173,173,247,253,137,137,"202","204",202,202,223,223,72,86,100,100,159,159,234,244
"374","UHA-0420","","","P","Quercus macrocarpa",144,144,230,232,157,179,170,170,235,237,137,137,"200","200",208,208,223,223,64,84,102,102,167,171,228,228
"375","UHA-0421","","","P","Quercus macrocarpa",144,144,234,240,165,169,170,170,253,261,137,137,"202","216",206,214,221,223,68,72,102,142,167,173,234,234
"376","UHA-0422","","","P","Quercus alba",142,144,206,232,167,169,173,173,245,263,139,157,"198","198",202,202,223,223,68,72,100,100,161,165,230,234
"377","UHA-0423","","","P","Quercus alba",144,146,206,206,163,167,170,170,255,255,137,137,"214","218",202,202,223,223,64,102,100,100,165,167,238,238
"378","UHA-0424","","","P","Quercus macrocarpa",146,146,226,230,161,169,170,170,243,255,137,137,"200","204",208,210,223,223,118,118,102,102,159,167,232,232
"379","UHA-0425","","","P","Quercus macrocarpa",144,148,232,240,157,169,170,170,259,261,137,137,"200","202",200,208,225,225,66,118,132,154,169,169,230,238
"380","UHA-0426","","UHA-0009","O","Quercus muehlenbergii",144,146,230,234,165,175,173,179,249,253,137,137,"198","216",200,200,223,225,92,114,100,100,169,169,222,234
"381","UHA-0427","","UHA-0015","O","Quercus muehlenbergii",146,184,234,234,157,177,173,173,257,263,137,149,"200","216",200,200,223,225,90,90,100,100,169,169,222,222
"382","UHA-0428","","UHA-0015","O","Quercus muehlenbergii",146,146,234,234,175,177,173,179,263,265,137,137,"200","216",200,200,225,225,86,112,100,100,169,173,222,230
"383","UHA-0429","","UHA-0012","O","Quercus muehlenbergii",144,144,230,232,163,165,173,173,257,271,137,137,"210","242",200,200,223,223,78,104,100,100,165,167,222,222
"384","UHA-0430","","UHA-0012","O","Quercus muehlenbergii",144,184,210,210,165,179,173,173,253,257,137,137,"200","216",200,200,223,223,68,112,100,100,169,171,222,222
"385","UHA-0431","","UHA-0012","O","Quercus muehlenbergii",144,184,210,210,157,165,173,179,257,271,137,137,"216","242",200,200,223,223,68,112,100,100,167,169,222,222
"386","UHA-0432","","UHA-0012","O","Quercus muehlenbergii",144,144,230,232,163,165,173,173,253,261,137,137,"200","214",200,200,0,0,78,104,100,100,165,171,222,222
"387","UHA-0433","","UHA-0012","O","Quercus muehlenbergii",144,146,230,232,165,177,173,179,253,257,137,137,"200","210",200,200,223,223,98,112,100,100,165,171,222,222
"388","UHA-0434","","UHA-0012","O","Quercus muehlenbergii",144,144,210,234,165,183,173,179,253,261,137,137,"200","212",200,200,225,225,78,90,100,100,169,171,214,222
"389","UHA-0435","","UHA-0010","O","Quercus muehlenbergii",144,144,230,230,179,179,179,179,243,269,139,139,"204","216",200,200,223,223,100,112,100,100,165,169,222,236
"390","UHA-0436","","UHA-0010","O","Quercus muehlenbergii",146,146,230,234,177,179,173,179,249,253,137,139,"198","214",200,200,223,225,116,120,100,100,169,169,222,230
"391","UHA-0437","","UHA-0010","O","Quercus muehlenbergii",144,146,230,234,165,177,173,179,243,249,137,139,"216","216",200,200,223,223,112,120,100,100,169,181,222,222
"392","UHA-0438","","UHA-0010","O","Quercus muehlenbergii",146,146,230,234,177,179,179,179,243,255,137,137,"198","214",200,200,223,223,112,122,100,100,165,181,230,234
"393","UHA-0439","","UHA-0010","O","Quercus muehlenbergii",146,184,230,230,177,179,173,179,243,243,137,137,"216","216",198,200,223,223,68,112,100,100,181,181,222,222
"394","UHA-0440","","UHA-0260","O","Quercus muehlenbergii",144,184,230,230,165,179,173,173,243,257,137,139,"216","216",198,200,223,223,68,96,100,100,159,181,222,230
"395","UHA-0441","","UHA-0260","O","Quercus muehlenbergii",144,144,216,230,175,179,173,179,243,243,137,139,"216","216",200,200,223,223,84,90,100,100,169,181,222,222
"396","UHA-0442","","UHA-0260","O","Quercus muehlenbergii",142,144,230,230,177,179,173,173,243,257,139,149,"206","216",200,200,223,223,68,110,100,100,169,181,222,222
"397","UHA-0443","","UHA-0260","O","Quercus muehlenbergii",144,184,234,234,173,179,173,179,243,257,137,137,"208","216",200,202,223,223,68,98,100,100,169,181,222,238
"398","UHA-0444","","UHA-0260","O","Quercus muehlenbergii",144,184,234,234,155,179,173,176,257,265,137,137,"208","216",200,200,223,223,90,98,100,100,159,169,222,238
"399","UHA-0445","","UHA-0260","O","Quercus muehlenbergii",144,144,230,232,173,179,179,179,257,257,137,137,"210","216",200,200,223,223,90,98,100,100,169,169,222,222
"400","UHA-0446","","UHA-0260","O","Quercus muehlenbergii",146,184,230,230,157,169,173,179,243,249,137,139,"206","216",200,200,223,223,90,112,100,100,169,181,222,222
"401","UHA-0447","","UHA-0260","O","Quercus muehlenbergii",144,144,230,232,155,179,173,176,257,257,137,149,"208","216",200,202,223,223,68,68,100,100,159,169,222,222
"402","UHA-0448","","UHA-0260","O","Quercus muehlenbergii",144,144,230,234,155,179,173,176,243,257,137,149,"208","216",200,200,223,223,90,98,100,100,169,169,222,238
"403","UHA-0449","","UHA-0260","O","Quercus muehlenbergii",144,144,230,232,173,179,179,179,257,257,137,149,"206","210",202,202,223,223,68,98,100,100,169,169,222,222
"404","UHA-0450","","UHA-0260","O","Quercus muehlenbergii",144,144,230,234,155,179,173,176,243,265,137,137,"206","208",200,200,223,223,68,114,100,100,159,181,222,238
"405","UHA-0451","","UHA-0260","O","Quercus muehlenbergii",144,184,234,234,155,179,173,176,257,265,137,137,"210","216",200,200,223,223,68,98,100,100,159,169,222,238
"406","UHA-0452","","UHA-0260","O","Quercus muehlenbergii",144,184,232,232,155,157,176,179,257,257,137,137,"210","216",202,202,223,223,90,114,100,100,169,169,222,222
"407","UHA-0453","","UHA-0260","O","Quercus muehlenbergii",144,144,230,234,173,179,173,176,257,265,137,137,"208","216",200,200,223,223,90,98,100,100,159,169,222,238
"408","UHA-0454","","UHA-0257","O","Quercus muehlenbergii",144,144,230,232,157,173,179,179,257,257,137,137,"206","208",200,202,223,223,68,114,100,100,169,181,222,222
"409","UHA-0455","","UHA-0257","O","Quercus muehlenbergii",144,184,232,232,157,173,179,179,243,257,137,137,"208","216",200,200,223,223,90,98,100,100,169,181,222,222
"410","UHA-0456","","UHA-0257","O","Quercus muehlenbergii",144,144,230,234,173,179,173,176,257,257,137,137,"210","216",200,200,223,223,68,98,100,100,169,181,222,238
"411","UHA-0457","","UHA-0257","O","Quercus muehlenbergii",144,144,232,232,155,163,173,176,257,257,137,139,"210","210",200,202,223,223,98,98,100,100,169,169,222,222
"412","UHA-0458","","UHA-0257","O","Quercus muehlenbergii",144,144,232,232,155,163,173,176,257,257,137,139,"208","214",200,200,223,223,98,104,100,100,169,169,222,222
"413","UHA-0459","","UHA-0257","O","Quercus muehlenbergii",144,146,232,234,173,177,173,179,257,261,137,139,"208","210",200,202,223,223,98,114,100,100,169,169,222,238
"414","UHA-0460","","UHA-0257","O","Quercus muehlenbergii",144,144,230,234,157,173,173,179,243,257,137,149,"210","216",200,202,223,223,90,114,100,100,169,181,222,238
"415","UHA-0461","","","P","Quercus alba",146,146,232,232,157,169,173,173,251,261,137,137,"198","200",204,208,223,223,72,104,100,126,159,171,212,228
"416","UHA-0462","","","P","Quercus alba",0,0,232,242,167,169,170,170,247,261,137,137,"210","214",206,206,225,225,72,116,100,123,171,173,228,228
"417","UHA-0463","","","P","Quercus macrocarpa",142,144,232,234,157,157,170,170,241,247,137,137,"200","204",208,214,0,0,62,66,102,140,167,167,228,252
"418","UHA-0464","","","P","Quercus macrocarpa",144,144,230,232,157,175,170,170,241,249,137,137,"200","204",208,210,225,225,62,66,100,140,167,167,230,252
"419","UHA-0465","","","P","Quercus macrocarpa",144,144,230,232,157,169,173,173,249,249,137,137,"200","212",206,210,225,225,62,114,100,102,169,169,230,236
"420","UHA-0466","","","P","Quercus macrocarpa",144,148,232,236,163,163,170,170,251,259,137,137,"200","202",206,208,223,223,64,92,102,102,159,173,230,232
"421","UHA-0467","","","P","Quercus macrocarpa",144,144,230,232,169,173,170,170,237,251,137,137,"200","206",208,210,0,0,74,78,102,142,159,159,228,230
"422","UHA-0468","","","P","Quercus macrocarpa",144,146,238,244,169,177,173,173,243,251,137,137,"200","210",208,218,225,225,74,122,102,102,169,173,228,236
"423","UHA-0469","","","P","Quercus macrocarpa",144,144,234,238,157,169,173,173,243,257,137,137,"200","234",206,206,225,227,100,100,100,150,167,167,228,230
"424","UHA-0470","","","P","Quercus macrocarpa",144,144,232,232,161,169,170,170,249,263,137,137,"198","216",206,212,223,223,66,102,102,142,159,167,230,232
"425","UHA-0471","","","P","Quercus macrocarpa",144,144,236,236,163,169,170,170,249,257,137,137,"234","234",208,210,225,227,66,66,124,130,159,167,228,234
"426","UHA-0472","","","P","Quercus macrocarpa",142,142,232,232,155,173,170,170,249,251,137,137,"196","200",208,208,0,0,80,102,123,123,159,167,228,230
"427","UHA-0473","","","P","Quercus macrocarpa",144,144,230,240,159,179,170,170,249,255,137,137,"200","206",204,210,225,225,74,74,102,102,159,169,230,238
"428","UHA-0474","","","P","Quercus macrocarpa",144,144,230,232,157,161,173,173,249,251,137,137,"200","214",208,208,223,225,64,80,104,123,167,173,228,230
"429","UHA-0475","","","P","Quercus macrocarpa",142,142,232,234,171,173,170,170,247,249,137,137,"198","200",208,208,225,225,62,80,102,123,167,173,230,230
"430","UHA-0476","","","P","Quercus muehlenbergii",144,146,216,220,155,175,173,179,253,259,137,137,"198","206",200,200,223,223,62,92,100,100,165,171,222,232
"431","UHA-0477","","","P","Quercus bicolor",144,144,206,220,161,177,170,170,245,267,135,137,"198","204",202,202,223,223,86,100,100,100,165,167,234,234
"432","UHA-0478","","","P","Quercus alba",146,146,206,206,163,173,173,173,249,253,137,137,"198","202",202,202,223,223,94,100,100,100,165,165,234,234
"433","UHA-0479","","","P","Quercus alba",144,146,206,206,161,183,173,173,253,253,137,137,"198","216",202,202,223,223,76,88,100,100,165,165,222,234
"434","UHA-0480","","","P","Quercus alba",144,144,206,208,161,163,173,173,245,253,137,137,"198","212",202,202,223,223,66,66,100,100,165,167,234,240
"435","UHA-0481","","","P","Quercus muehlenbergii",144,144,230,230,169,169,170,173,251,251,137,137,"200","200",204,204,223,225,102,104,102,104,167,167,228,228
"436","UHA-0482","","","P","Quercus muehlenbergii",144,146,206,222,179,183,170,173,245,259,137,137,"200","210",202,202,223,223,70,106,100,100,161,165,234,234
"437","UHA-0483","","","P","Quercus muehlenbergii",148,148,230,240,157,169,170,170,253,259,137,137,"198","212",206,212,223,223,98,120,147,150,159,173,230,230
"439","UHA-0485","","","P","Quercus alba",146,146,206,206,163,163,173,173,245,251,137,137,"200","200",202,202,223,223,68,68,100,100,167,167,234,240
"440","UHA-0486","","","P","Quercus muehlenbergii",144,144,226,230,157,169,170,170,251,259,137,137,"200","208",208,212,0,0,80,98,126,147,169,173,222,230
"441","UHA-0487","","","P","Quercus alba",144,150,206,222,163,163,173,173,245,281,137,139,"202","216",202,202,223,223,66,98,100,100,159,167,234,238
"442","UHA-0488","","","P","Quercus muehlenbergii",142,144,230,234,169,177,170,170,259,261,137,137,"200","202",204,204,0,0,108,110,102,122,167,173,228,238
"444","UHA-0490","","","P","Quercus alba",142,146,206,206,163,167,173,173,263,271,135,139,"204","212",202,202,223,223,68,106,100,100,165,167,234,246
"445","UHA-0491","","","P","Quercus alba",146,146,206,206,163,163,173,173,235,263,139,139,"206","216",202,202,223,223,110,124,100,100,165,167,228,234
"446","UHA-0492","","","P","Quercus alba",144,144,206,206,163,167,173,173,255,263,137,139,"204","212",202,202,223,223,64,68,100,100,161,161,240,240
"447","UHA-0493","","","P","Quercus alba",146,146,206,206,163,163,173,173,253,263,137,137,"200","200",202,202,223,223,68,68,100,100,167,167,234,240
"448","UHA-0494","","","P","Quercus bicolor",146,146,206,206,163,163,173,173,245,251,137,137,"202","212",202,202,223,223,106,122,100,100,167,167,234,234
"449","UHA-0495","","","P","Quercus alba",144,144,226,230,157,169,170,170,251,259,137,137,"200","208",208,212,0,0,80,98,126,147,169,173,222,230
"450","UHA-0496","","","P","Quercus alba",144,144,206,206,163,175,170,170,257,269,137,141,"200","222",202,212,223,223,62,68,100,100,161,167,234,234
"451","UHA-0497","","","P","Quercus alba",146,146,206,220,161,163,173,173,255,269,137,139,"202","202",202,202,223,223,58,70,100,100,167,167,234,246
"453","UHA-0499","","","P","Quercus muehlenbergii",142,144,232,232,163,171,170,170,249,249,137,137,"202","226",218,220,0,0,58,68,100,102,167,171,222,228
"454","UHA-0500","","","P","Quercus muehlenbergii",144,144,206,206,163,173,173,173,253,265,137,137,"210","212",202,202,223,223,64,68,100,100,161,161,234,244
"455","UHA-0501","","","P","Quercus muehlenbergii",146,146,206,206,163,163,170,170,255,259,137,139,"200","200",202,202,223,223,78,102,100,100,159,163,234,234
"456","UHA-0502","","","P","Quercus muehlenbergii",142,142,206,206,163,167,173,173,259,265,137,139,"200","200",202,202,223,223,58,64,100,100,161,167,232,238
"457","UHA-0503","","","P","Quercus muehlenbergii",144,144,206,206,163,163,173,173,253,265,137,137,"198","200",202,202,223,223,72,72,100,100,161,165,234,234
"458","UHA-0504","","","P","Quercus muehlenbergii",152,152,232,238,155,163,173,173,249,255,137,137,"222","222",210,212,223,223,62,62,123,140,167,173,228,234
"459","UHA-0505","","","P","Quercus muehlenbergii",144,144,232,234,157,173,170,170,249,257,137,137,"200","216",206,206,221,223,66,66,100,104,167,173,228,234
"460","UHA-0506","","","P","Quercus muehlenbergii",146,146,206,206,163,163,170,170,253,255,137,137,"200","212",202,202,223,223,68,68,100,100,165,165,234,238
"461","UHA-0507","","","P","Quercus alba",144,146,206,206,167,185,173,173,245,255,137,137,"202","206",202,202,223,223,66,74,100,100,165,167,234,238
"462","UHA-0508","","","P","Quercus macrocarpa",144,148,230,234,155,163,170,170,253,259,137,137,"200","204",206,206,0,0,68,80,145,160,171,171,228,228
"463","UHA-0509","","","P","Quercus macrocarpa",144,146,232,236,163,171,173,173,237,265,137,137,"202","214",208,208,223,223,62,62,142,154,161,171,236,236
"464","UHA-0510","","","P","Quercus macrocarpa",144,144,230,234,155,171,170,170,243,253,137,137,"200","200",206,206,223,223,68,68,102,102,171,173,230,230
"465","UHA-0511","","","P","Quercus macrocarpa",144,144,238,240,155,175,170,170,253,261,137,137,"200","210",210,210,225,225,74,100,100,102,159,173,232,232
"466","UHA-0512","","","P","Quercus macrocarpa",144,144,222,236,157,163,0,0,251,271,137,149,"208","216",200,202,223,223,68,68,100,100,159,169,222,222
"467","UHA-0513","","","P","Quercus alba",142,146,206,206,161,167,173,173,247,255,139,139,"200","200",202,202,223,223,0,0,100,100,159,167,232,234
"468","UHA-0514","","","P","Quercus macrocarpa",146,146,206,206,161,177,170,170,247,267,135,139,"198","204",202,202,223,223,64,64,100,100,165,167,234,238
"469","UHA-0515","","","P","Quercus macrocarpa",142,146,206,206,161,167,170,170,255,263,135,135,"204","212",202,202,223,223,68,68,100,100,159,165,234,246
"470","UHA-0516","","","P","Quercus alba",144,144,206,206,169,187,173,173,243,251,0,0,"0","0",0,0,223,223,64,66,100,100,161,165,238,244
"471","UHA-0517","","","P","Quercus macrocarpa",142,144,230,236,163,169,170,170,251,267,137,137,"206","206",206,210,0,0,64,64,100,102,159,171,230,236
"472","UHA-0518","","","P","Quercus macrocarpa",144,144,230,240,163,181,173,173,251,251,137,137,"196","232",206,212,225,225,72,72,104,126,159,173,228,228
"473","UHA-0519","","","P","Quercus alba",146,146,206,206,163,163,173,173,253,255,137,137,"210","210",202,202,223,223,68,86,100,100,167,171,238,240
"474","UHA-0520","","","P","Quercus macrocarpa",144,144,236,240,159,179,170,170,237,261,137,137,"200","206",204,206,225,225,68,74,104,123,167,173,230,234
"475","UHA-0521","","","P","Quercus macrocarpa",144,144,232,232,155,163,170,170,251,257,137,137,"200","210",206,208,223,223,100,114,102,102,155,171,228,228
"476","UHA-0522","","","P","Quercus macrocarpa",144,144,206,206,161,169,173,173,245,255,137,137,"200","212",202,202,223,223,122,122,100,100,165,165,234,246
"477","UHA-0523","","","P","Quercus macrocarpa",144,144,226,240,157,163,173,173,241,253,137,137,"200","200",202,202,225,225,84,100,102,102,167,171,230,236
"478","UHA-0524","","","P","Quercus macrocarpa",142,144,0,0,0,0,170,170,0,0,137,137,"196","208",202,208,223,225,64,64,102,102,167,173,228,228
"479","UHA-0525","","","P","Quercus alba",144,146,206,206,161,163,170,170,259,263,137,137,"204","228",202,202,223,223,64,64,100,100,159,159,234,246
"480","UHA-0526","","","P","Quercus macrocarpa",144,144,230,232,157,169,173,173,251,257,137,139,"198","200",212,212,0,0,62,62,102,104,0,0,0,0
"481","UHA-0527","","","P","Quercus bicolor",148,148,230,232,169,191,173,173,247,251,137,137,"198","200",204,204,227,227,60,72,0,0,159,159,228,228
"482","UHA-0528","","","P","Quercus bicolor",148,148,230,232,169,191,173,173,247,251,137,137,"198","200",204,204,227,227,60,72,0,0,159,159,228,228
