Offspring ID,Loci typed,First parent non-exclusion probability,Second parent non-exclusion probability,Mother ID,Loci typed,Pair loci compared,Pair loci mismatching,Pair LOD score,Candidate father ID,Loci typed,Pair loci compared,Pair loci mismatching,Pair LOD score,Pair top LOD,Pair confidence,Trio loci compared,Trio loci mismatching,Trio LOD score,Trio top LOD,Trio confidence
UHA-0020,12, 8.91411132791703E-0006, 7.54662509165856E-0009,UHA-0261,12,12,0, 9.36005452891343E+0000,UHA-0260,12,12,0, 1.64074561930499E+0001, 1.64074561930499E+0001,*,12,0, 1.89070704281470E+0001, 1.89070704281470E+0001,*,
UHA-0020,12, 8.91411132791703E-0006, 7.54662509165856E-0009,UHA-0261,12,12,0, 9.36005452891343E+0000,UHA-0010,11,11,1, 4.90266622249191E+0000, 0.00000000000000E+0000,,11,4, 4.93022048144102E-0001, 0.00000000000000E+0000,,
UHA-0021,12, 1.97170362418967E-0005, 1.28497210925045E-0007,UHA-0261,12,12,1, 7.02013455195772E+0000,UHA-0260,12,12,1, 1.28168855591409E+0001, 1.28168855591409E+0001,*,12,1, 1.57467914117407E+0001, 1.57467914117407E+0001,*,
UHA-0021,12, 1.97170362418967E-0005, 1.28497210925045E-0007,UHA-0261,12,12,1, 7.02013455195772E+0000,UHA-0010,11,11,1, 5.97504635287779E+0000, 0.00000000000000E+0000,,11,3, 2.61450040257475E+0000, 0.00000000000000E+0000,,
UHA-0022,12, 2.10148874406077E-0004, 2.56383806470411E-0005,UHA-0261,12,12,1, 5.29621263525484E+0000,UHA-0257,12,12,0, 7.90666593767111E+0000, 7.90666593767111E+0000,*,12,1, 1.08951433224691E+0001, 1.08951433224691E+0001,*,
UHA-0022,12, 2.10148874406077E-0004, 2.56383806470411E-0005,UHA-0261,12,12,1, 5.29621263525484E+0000,UHA-0258,11,11,2, 2.99490721001470E+0000, 0.00000000000000E+0000,,11,2, 6.36733574333808E+0000, 0.00000000000000E+0000,,
UHA-0023,10, 9.53795951889785E-0003, 1.22397471213222E-0004,UHA-0261,12,10,0, 4.99283949422867E+0000,UHA-0260,12,10,0, 9.08917870476077E+0000, 9.08917870476077E+0000,*,10,0, 9.76856741796189E+0000, 9.76856741796189E+0000,*,
UHA-0023,10, 9.53795951889785E-0003, 1.22397471213222E-0004,UHA-0261,12,10,0, 4.99283949422867E+0000,UHA-0010,11,10,0, 4.41677496678088E+0000, 0.00000000000000E+0000,,10,2, 1.99641080493495E+0000, 0.00000000000000E+0000,,
UHA-0023,10, 9.53795951889785E-0003, 1.22397471213222E-0004,UHA-0261,12,10,0, 4.99283949422867E+0000,UHA-0263,12,10,1,-5.70782697260673E-0001, 0.00000000000000E+0000,,10,2, 1.49560498753881E-0001, 0.00000000000000E+0000,,
UHA-0023,10, 9.53795951889785E-0003, 1.22397471213222E-0004,UHA-0261,12,10,0, 4.99283949422867E+0000,UHA-0011,12,10,2, 2.44994156034774E-0001, 0.00000000000000E+0000,,10,3, 5.88046563203310E-0002, 0.00000000000000E+0000,,
UHA-0025,12, 1.57747065012401E-0004, 4.64514152582768E-0006,UHA-0261,12,12,0, 9.29287045124427E+0000,UHA-0258,11,11,1, 7.03737660820293E+0000, 7.03737660820293E+0000,*,11,1, 9.34598922083661E+0000, 9.34598922083661E+0000,*,
UHA-0025,12, 1.57747065012401E-0004, 4.64514152582768E-0006,UHA-0261,12,12,0, 9.29287045124427E+0000,UHA-0011,12,12,3, 2.56597482171519E+0000, 0.00000000000000E+0000,,12,4, 1.22343823282174E+0000, 0.00000000000000E+0000,,
UHA-0026,11, 2.04739301626655E-0003, 1.13729505458458E-0004,UHA-0261,12,11,0, 8.80922887396227E+0000,UHA-0016,10,9,0, 2.44004654417049E+0000, 0.00000000000000E+0000,,9,2, 1.36869608733616E+0000, 1.36869608733616E+0000,-,
UHA-0026,11, 2.04739301626655E-0003, 1.13729505458458E-0004,UHA-0261,12,11,0, 8.80922887396227E+0000,UHA-0217,12,11,3,-1.08798401873369E+0000, 0.00000000000000E+0000,,11,3, 7.25380426745119E-0001, 0.00000000000000E+0000,,
UHA-0026,11, 2.04739301626655E-0003, 1.13729505458458E-0004,UHA-0261,12,11,0, 8.80922887396227E+0000,UHA-0264,12,11,1, 1.23585227662697E+0000, 0.00000000000000E+0000,,11,3, 3.03720280715217E-0001, 0.00000000000000E+0000,,
UHA-0027,12, 4.19254751310024E-0004, 1.37382196244662E-0006,UHA-0261,12,12,0, 7.13654168731160E+0000,UHA-0257,12,12,0, 9.29549006238143E+0000, 9.29549006238143E+0000,*,12,0, 1.31013883997937E+0001, 1.31013883997937E+0001,*,
UHA-0027,12, 4.19254751310024E-0004, 1.37382196244662E-0006,UHA-0261,12,12,0, 7.13654168731160E+0000,UHA-0258,11,11,2, 4.19660797936827E+0000, 0.00000000000000E+0000,,11,4, 7.40114114367892E-0001, 0.00000000000000E+0000,,
UHA-0028,12, 4.08440288624353E-0004, 1.26838008015558E-0005,UHA-0261,12,12,1, 7.57194716321576E+0000,UHA-0257,12,12,0, 5.86406948814773E+0000, 5.86406948814773E+0000,+,12,2, 7.60238633085086E+0000, 7.60238633085086E+0000,*,
UHA-0028,12, 4.08440288624353E-0004, 1.26838008015558E-0005,UHA-0261,12,12,1, 7.57194716321576E+0000,UHA-0258,11,11,2, 2.53388467884938E+0000, 0.00000000000000E+0000,,11,4, 3.81931382592409E-0001, 0.00000000000000E+0000,,
UHA-0029,12, 1.28750172180934E-0003, 3.11615359934037E-0006,UHA-0261,12,12,0, 7.19501448352896E+0000,UHA-0257,12,12,0, 7.84235584875598E+0000, 7.84235584875598E+0000,*,12,0, 1.21590768132460E+0001, 1.21590768132460E+0001,*,
UHA-0039,12, 2.80133807887836E-0003, 1.05994787232818E-0003,UHA-0261,12,12,0, 1.22442367662583E+0001,UHA-0010,11,11,0, 7.19356204427148E+0000, 7.19356204427148E+0000,*,11,0, 7.38892889329368E+0000, 7.38892889329368E+0000,*,
UHA-0039,12, 2.80133807887836E-0003, 1.05994787232818E-0003,UHA-0261,12,12,0, 1.22442367662583E+0001,UHA-0011,12,12,1, 4.70402225921275E+0000, 0.00000000000000E+0000,,12,1, 5.31256989678805E+0000, 0.00000000000000E+0000,,
UHA-0039,12, 2.80133807887836E-0003, 1.05994787232818E-0003,UHA-0261,12,12,0, 1.22442367662583E+0001,UHA-0263,12,12,1, 4.76449669375534E+0000, 0.00000000000000E+0000,,12,1, 4.68848846758012E+0000, 0.00000000000000E+0000,,
UHA-0039,12, 2.80133807887836E-0003, 1.05994787232818E-0003,UHA-0261,12,12,0, 1.22442367662583E+0001,UHA-0009,12,12,1, 1.92711545240646E+0000, 0.00000000000000E+0000,,12,1, 3.93214777132024E+0000, 0.00000000000000E+0000,,
UHA-0039,12, 2.80133807887836E-0003, 1.05994787232818E-0003,UHA-0261,12,12,0, 1.22442367662583E+0001,UHA-0013,12,12,2, 1.59133080727388E+0000, 0.00000000000000E+0000,,12,2, 2.46308992400018E+0000, 0.00000000000000E+0000,,
UHA-0039,12, 2.80133807887836E-0003, 1.05994787232818E-0003,UHA-0261,12,12,0, 1.22442367662583E+0001,UHA-0016,10,10,1, 7.57508037571966E-0002, 0.00000000000000E+0000,,10,1, 2.45926574198422E+0000, 0.00000000000000E+0000,,
UHA-0039,12, 2.80133807887836E-0003, 1.05994787232818E-0003,UHA-0261,12,12,0, 1.22442367662583E+0001,UHA-0260,12,12,1, 2.97741348334469E+0000, 0.00000000000000E+0000,,12,2, 2.37496245213478E+0000, 0.00000000000000E+0000,,
UHA-0039,12, 2.80133807887836E-0003, 1.05994787232818E-0003,UHA-0261,12,12,0, 1.22442367662583E+0001,UHA-0015,12,12,2, 1.12909069810939E+0000, 0.00000000000000E+0000,,12,2, 1.60959127039682E+0000, 0.00000000000000E+0000,,
UHA-0039,12, 2.80133807887836E-0003, 1.05994787232818E-0003,UHA-0261,12,12,0, 1.22442367662583E+0001,UHA-0265,12,12,2, 9.05200995740163E-0001, 0.00000000000000E+0000,,12,2, 1.52264736974418E+0000, 0.00000000000000E+0000,,
UHA-0039,12, 2.80133807887836E-0003, 1.05994787232818E-0003,UHA-0261,12,12,0, 1.22442367662583E+0001,UHA-0264,12,12,2,-3.13652092178683E-0001, 0.00000000000000E+0000,,12,2, 1.45678272727663E+0000, 0.00000000000000E+0000,,
UHA-0039,12, 2.80133807887836E-0003, 1.05994787232818E-0003,UHA-0261,12,12,0, 1.22442367662583E+0001,UHA-0267,12,12,3,-3.29954279182087E-0001, 0.00000000000000E+0000,,12,3, 2.58964194873522E-0002, 0.00000000000000E+0000,,
UHA-0043,10, 3.66590197540702E-0003, 6.26942852036736E-0005,UHA-0260,12,10,0, 5.11692777705250E+0000,UHA-0261,12,10,0, 5.52679868346343E+0000, 5.52679868346343E+0000,+,10,1, 6.58795864781687E+0000, 6.58795864781687E+0000,*,
UHA-0043,10, 3.66590197540702E-0003, 6.26942852036736E-0005,UHA-0260,12,10,0, 5.11692777705250E+0000,UHA-0270,12,10,2, 4.83674240412591E-0001, 0.00000000000000E+0000,,10,2, 2.01067199619472E+0000, 0.00000000000000E+0000,,
UHA-0045,12, 6.40630608836131E-0004, 1.58799510425371E-0004,UHA-0260,12,12,0, 1.14573199779021E+0001,UHA-0016,10,10,1, 1.43081761369961E+0000, 0.00000000000000E+0000,,10,2, 1.69823135191823E+0000, 1.69823135191823E+0000,-,
UHA-0045,12, 6.40630608836131E-0004, 1.58799510425371E-0004,UHA-0260,12,12,0, 1.14573199779021E+0001,UHA-0010,11,11,2, 1.45619524437299E+0000, 0.00000000000000E+0000,,11,2, 1.05809049797121E+0000, 0.00000000000000E+0000,,
UHA-0045,12, 6.40630608836131E-0004, 1.58799510425371E-0004,UHA-0260,12,12,0, 1.14573199779021E+0001,UHA-0264,12,12,2, 7.50528260916731E-0001, 0.00000000000000E+0000,,12,3, 6.51563328234809E-0001, 0.00000000000000E+0000,,
UHA-0047,12, 5.15362023417683E-0003, 1.15271777305866E-0004,UHA-0260,12,12,0, 8.35141341441577E+0000,UHA-0271,12,12,2, 1.19293772937143E+0000, 0.00000000000000E+0000,,12,2, 2.46544467555767E+0000, 2.46544467555767E+0000,-,
UHA-0047,12, 5.15362023417683E-0003, 1.15271777305866E-0004,UHA-0260,12,12,0, 8.35141341441577E+0000,UHA-0190,12,12,2, 1.69570426806508E+0000, 0.00000000000000E+0000,,12,3, 4.97139412844615E-0001, 0.00000000000000E+0000,,
UHA-0047,12, 5.15362023417683E-0003, 1.15271777305866E-0004,UHA-0260,12,12,0, 8.35141341441577E+0000,UHA-0256,10,10,3,-1.22937125546299E+0000, 0.00000000000000E+0000,,10,3, 4.01335011472328E-0001, 0.00000000000000E+0000,,
UHA-0052,12, 2.56750417199724E-0004, 2.14908314527964E-0006,UHA-0260,12,12,0, 1.36762280161490E+0001,UHA-0266,11,11,3, 2.42777690349989E-0001, 0.00000000000000E+0000,,11,3, 1.51905966637006E+0000, 1.51905966637006E+0000,-,
UHA-0056,11, 4.49038263093159E-0003, 2.32454653081376E-0004,UHA-0260,12,11,0, 5.19472280389524E+0000,UHA-0258,11,10,0, 7.65802766351828E+0000, 7.65802766351828E+0000,*,10,0, 9.25683577408783E+0000, 9.25683577408783E+0000,*,
UHA-0056,11, 4.49038263093159E-0003, 2.32454653081376E-0004,UHA-0260,12,11,0, 5.19472280389524E+0000,UHA-0257,12,11,1, 3.48928313631309E+0000, 0.00000000000000E+0000,,11,2, 1.98145181770083E+0000, 0.00000000000000E+0000,,
UHA-0068,11, 2.76848629694287E-0003, 7.07937549527250E-0005,UHA-0014,12,11,0, 5.23455206643631E+0000,UHA-0264,12,11,0, 7.36507840422358E+0000, 7.36507840422358E+0000,*,11,0, 9.52242757840557E+0000, 9.52242757840557E+0000,*,
UHA-0068,11, 2.76848629694287E-0003, 7.07937549527250E-0005,UHA-0014,12,11,0, 5.23455206643631E+0000,UHA-0016,10,10,0, 6.09913042802675E+0000, 0.00000000000000E+0000,,10,0, 7.20399389171276E+0000, 0.00000000000000E+0000,,
UHA-0068,11, 2.76848629694287E-0003, 7.07937549527250E-0005,UHA-0014,12,11,0, 5.23455206643631E+0000,UHA-0012,12,11,1, 2.88164554575120E+0000, 0.00000000000000E+0000,,11,3, 6.00359583548800E-0002, 0.00000000000000E+0000,,
UHA-0068,11, 2.76848629694287E-0003, 7.07937549527250E-0005,UHA-0014,12,11,0, 5.23455206643631E+0000,UHA-0011,12,11,1, 3.02420738304347E+0000, 0.00000000000000E+0000,,11,3, 3.05521973300193E-0002, 0.00000000000000E+0000,,
UHA-0070,12, 5.00082958376382E-0003, 1.96972779829239E-0003,UHA-0014,12,12,0, 8.74741199369409E+0000,UHA-0262,12,12,0, 9.21571881300538E+0000, 9.21571881300538E+0000,*,12,0, 9.48385903363968E+0000, 9.48385903363968E+0000,*,
UHA-0070,12, 5.00082958376382E-0003, 1.96972779829239E-0003,UHA-0014,12,12,0, 8.74741199369409E+0000,UHA-0263,12,12,0, 8.86142866208981E+0000, 0.00000000000000E+0000,,12,0, 8.98440441762420E+0000, 0.00000000000000E+0000,,
UHA-0070,12, 5.00082958376382E-0003, 1.96972779829239E-0003,UHA-0014,12,12,0, 8.74741199369409E+0000,UHA-0013,12,12,0, 8.24458452196348E+0000, 0.00000000000000E+0000,,12,0, 8.23094873103521E+0000, 0.00000000000000E+0000,,
UHA-0070,12, 5.00082958376382E-0003, 1.96972779829239E-0003,UHA-0014,12,12,0, 8.74741199369409E+0000,UHA-0009,12,12,0, 5.51840632413720E+0000, 0.00000000000000E+0000,,12,0, 6.25738923999378E+0000, 0.00000000000000E+0000,,
UHA-0070,12, 5.00082958376382E-0003, 1.96972779829239E-0003,UHA-0014,12,12,0, 8.74741199369409E+0000,UHA-0267,12,12,0, 8.03580907608750E+0000, 0.00000000000000E+0000,,12,1, 5.60008562585137E+0000, 0.00000000000000E+0000,,
UHA-0070,12, 5.00082958376382E-0003, 1.96972779829239E-0003,UHA-0014,12,12,0, 8.74741199369409E+0000,UHA-0015,12,12,1, 3.69370455392684E+0000, 0.00000000000000E+0000,,12,1, 3.98384016267264E+0000, 0.00000000000000E+0000,,
UHA-0070,12, 5.00082958376382E-0003, 1.96972779829239E-0003,UHA-0014,12,12,0, 8.74741199369409E+0000,UHA-0011,12,12,1, 3.51443653647263E+0000, 0.00000000000000E+0000,,12,1, 3.75090276071714E+0000, 0.00000000000000E+0000,,
UHA-0070,12, 5.00082958376382E-0003, 1.96972779829239E-0003,UHA-0014,12,12,0, 8.74741199369409E+0000,UHA-0010,11,11,1, 1.86719351942926E+0000, 0.00000000000000E+0000,,11,1, 2.73616181610252E+0000, 0.00000000000000E+0000,,
UHA-0070,12, 5.00082958376382E-0003, 1.96972779829239E-0003,UHA-0014,12,12,0, 8.74741199369409E+0000,UHA-0016,10,10,1, 1.65804557123420E+0000, 0.00000000000000E+0000,,10,1, 1.37354521296258E+0000, 0.00000000000000E+0000,,
UHA-0070,12, 5.00082958376382E-0003, 1.96972779829239E-0003,UHA-0014,12,12,0, 8.74741199369409E+0000,UHA-0265,12,12,1, 3.28988743220621E+0000, 0.00000000000000E+0000,,12,2, 1.06909051395719E+0000, 0.00000000000000E+0000,,
UHA-0070,12, 5.00082958376382E-0003, 1.96972779829239E-0003,UHA-0014,12,12,0, 8.74741199369409E+0000,UHA-0210,11,11,2, 5.47637693381880E-0001, 0.00000000000000E+0000,,11,2, 4.95541289883948E-0001, 0.00000000000000E+0000,,
UHA-0071,11, 2.22416686403334E-0003, 3.51710051126834E-0005,UHA-0014,12,11,0, 6.38638654279587E+0000,UHA-0266,11,11,0, 8.56928731180820E+0000, 8.56928731180820E+0000,*,11,0, 1.08546475994164E+0001, 1.08546475994164E+0001,*,
UHA-0071,11, 2.22416686403334E-0003, 3.51710051126834E-0005,UHA-0014,12,11,0, 6.38638654279587E+0000,UHA-0012,12,11,1, 2.67697338702799E+0000, 0.00000000000000E+0000,,11,3, 8.66379202704068E-0001, 0.00000000000000E+0000,,
UHA-0075,11, 1.18958057528812E-0003, 2.09649447866922E-0004,UHA-0014,12,11,0, 7.39282422853199E+0000,UHA-0264,12,11,2, 7.02328761036458E-0001, 0.00000000000000E+0000,,11,2, 2.58271797879723E+0000, 2.58271797879723E+0000,-,
UHA-0075,11, 1.18958057528812E-0003, 2.09649447866922E-0004,UHA-0014,12,11,0, 7.39282422853199E+0000,UHA-0256,10,9,2, 1.67150011094717E+0000, 0.00000000000000E+0000,,9,2, 1.91309800038730E+0000, 0.00000000000000E+0000,,
UHA-0075,11, 1.18958057528812E-0003, 2.09649447866922E-0004,UHA-0014,12,11,0, 7.39282422853199E+0000,UHA-0271,12,11,2, 9.10495574623274E-0001, 0.00000000000000E+0000,,11,2, 1.72736392637650E+0000, 0.00000000000000E+0000,,
UHA-0075,11, 1.18958057528812E-0003, 2.09649447866922E-0004,UHA-0014,12,11,0, 7.39282422853199E+0000,UHA-0012,12,11,2, 1.28899642969220E+0000, 0.00000000000000E+0000,,11,2, 1.63711469886104E+0000, 0.00000000000000E+0000,,
UHA-0075,11, 1.18958057528812E-0003, 2.09649447866922E-0004,UHA-0014,12,11,0, 7.39282422853199E+0000,UHA-0262,12,11,0, 7.50061983457675E+0000, 7.50061983457675E+0000,*,11,3, 1.07908568154499E+0000, 0.00000000000000E+0000,,
UHA-0075,11, 1.18958057528812E-0003, 2.09649447866922E-0004,UHA-0014,12,11,0, 7.39282422853199E+0000,UHA-0016,10,9,2,-9.13177062481233E-0001, 0.00000000000000E+0000,,9,2, 8.87775719920064E-0001, 0.00000000000000E+0000,,
UHA-0077,12, 2.80388643190018E-0003, 4.74147913172333E-0004,UHA-0014,12,12,0, 7.88804192185760E+0000,UHA-0263,12,12,0, 7.70739677140809E+0000, 0.00000000000000E+0000,,12,1, 5.85477643048325E+0000, 5.85477643048325E+0000,+,
UHA-0077,12, 2.80388643190018E-0003, 4.74147913172333E-0004,UHA-0014,12,12,0, 7.88804192185760E+0000,UHA-0262,12,12,0, 8.82581300403964E+0000, 8.82581300403964E+0000,*,12,2, 4.80219481467085E+0000, 0.00000000000000E+0000,,
UHA-0077,12, 2.80388643190018E-0003, 4.74147913172333E-0004,UHA-0014,12,12,0, 7.88804192185760E+0000,UHA-0260,12,12,1, 2.65536252623557E+0000, 0.00000000000000E+0000,,12,1, 4.57495116553343E+0000, 0.00000000000000E+0000,,
UHA-0077,12, 2.80388643190018E-0003, 4.74147913172333E-0004,UHA-0014,12,12,0, 7.88804192185760E+0000,UHA-0210,11,11,1, 3.46314602353419E+0000, 0.00000000000000E+0000,,11,2, 2.05673312828461E+0000, 0.00000000000000E+0000,,
UHA-0077,12, 2.80388643190018E-0003, 4.74147913172333E-0004,UHA-0014,12,12,0, 7.88804192185760E+0000,UHA-0261,12,12,2, 1.28036098353264E+0000, 0.00000000000000E+0000,,12,2, 1.25755893423799E+0000, 0.00000000000000E+0000,,
UHA-0077,12, 2.80388643190018E-0003, 4.74147913172333E-0004,UHA-0014,12,12,0, 7.88804192185760E+0000,UHA-0016,10,10,2,-1.37323205373571E+0000, 0.00000000000000E+0000,,10,2, 3.50273421382502E-0001, 0.00000000000000E+0000,,
UHA-0077,12, 2.80388643190018E-0003, 4.74147913172333E-0004,UHA-0014,12,12,0, 7.88804192185760E+0000,UHA-0010,11,11,2,-5.26574367606885E-0001, 0.00000000000000E+0000,,11,2, 2.41362906120033E-0001, 0.00000000000000E+0000,,
UHA-0079,12, 7.12203678395050E-0005, 7.12203678395050E-0005,UHA-0014,12,12,0, 1.06147117939067E+0001,UHA-0267,12,12,0, 1.10180841150099E+0001, 1.10180841150099E+0001,*,12,0, 1.13912390596539E+0001, 1.13912390596539E+0001,*,
UHA-0079,12, 7.12203678395050E-0005, 7.12203678395050E-0005,UHA-0014,12,12,0, 1.06147117939067E+0001,UHA-0013,12,12,0, 9.75292945067543E+0000, 0.00000000000000E+0000,,12,0, 1.06989855912813E+0001, 0.00000000000000E+0000,,
UHA-0079,12, 7.12203678395050E-0005, 7.12203678395050E-0005,UHA-0014,12,12,0, 1.06147117939067E+0001,UHA-0262,12,12,1, 7.13915899225319E+0000, 0.00000000000000E+0000,,12,1, 7.33199716086486E+0000, 0.00000000000000E+0000,,
UHA-0079,12, 7.12203678395050E-0005, 7.12203678395050E-0005,UHA-0014,12,12,0, 1.06147117939067E+0001,UHA-0263,12,12,1, 6.51675746629340E+0000, 0.00000000000000E+0000,,12,1, 6.75156071847279E+0000, 0.00000000000000E+0000,,
UHA-0079,12, 7.12203678395050E-0005, 7.12203678395050E-0005,UHA-0014,12,12,0, 1.06147117939067E+0001,UHA-0265,12,12,2, 2.88699277305923E+0000, 0.00000000000000E+0000,,12,2, 2.76341388857751E+0000, 0.00000000000000E+0000,,
UHA-0079,12, 7.12203678395050E-0005, 7.12203678395050E-0005,UHA-0014,12,12,0, 1.06147117939067E+0001,UHA-0011,12,12,2, 2.85650224234540E+0000, 0.00000000000000E+0000,,12,2, 2.74980122209188E+0000, 0.00000000000000E+0000,,
UHA-0079,12, 7.12203678395050E-0005, 7.12203678395050E-0005,UHA-0014,12,12,0, 1.06147117939067E+0001,UHA-0009,12,12,2, 2.76921151067911E+0000, 0.00000000000000E+0000,,12,2, 2.64841904792436E+0000, 0.00000000000000E+0000,,
UHA-0080,11, 8.92116610273811E-0004, 1.28160849365109E-0005,UHA-0014,12,11,0, 6.11471361706112E+0000,UHA-0265,12,11,0, 8.40673307109125E+0000, 8.40673307109125E+0000,*,11,1, 9.46294577100548E+0000, 9.46294577100548E+0000,*,
UHA-0080,11, 8.92116610273811E-0004, 1.28160849365109E-0005,UHA-0014,12,11,0, 6.11471361706112E+0000,UHA-0016,10,9,1, 2.33045305131403E+0000, 0.00000000000000E+0000,,9,3, 6.32737391309975E-0002, 0.00000000000000E+0000,,
UHA-0081,11, 5.92522413870504E-0003, 2.33382851817484E-0003,UHA-0014,12,11,0, 9.02168968184040E+0000,UHA-0262,12,11,0, 8.93651561059092E+0000, 8.93651561059092E+0000,*,11,0, 9.22746612009546E+0000, 9.22746612009546E+0000,*,
UHA-0081,11, 5.92522413870504E-0003, 2.33382851817484E-0003,UHA-0014,12,11,0, 9.02168968184040E+0000,UHA-0263,12,11,0, 7.91681587500588E+0000, 0.00000000000000E+0000,,11,0, 8.68107519449642E+0000, 0.00000000000000E+0000,,
UHA-0081,11, 5.92522413870504E-0003, 2.33382851817484E-0003,UHA-0014,12,11,0, 9.02168968184040E+0000,UHA-0013,12,11,0, 6.90392613960530E+0000, 0.00000000000000E+0000,,11,0, 7.88278780215381E+0000, 0.00000000000000E+0000,,
UHA-0081,11, 5.92522413870504E-0003, 2.33382851817484E-0003,UHA-0014,12,11,0, 9.02168968184040E+0000,UHA-0009,12,11,0, 4.17774794177902E+0000, 0.00000000000000E+0000,,11,0, 5.90922831111239E+0000, 0.00000000000000E+0000,,
UHA-0081,11, 5.92522413870504E-0003, 2.33382851817484E-0003,UHA-0014,12,11,0, 9.02168968184040E+0000,UHA-0267,12,11,0, 7.91404116895956E+0000, 0.00000000000000E+0000,,11,1, 5.87961635728081E+0000, 0.00000000000000E+0000,,
UHA-0081,11, 5.92522413870504E-0003, 2.33382851817484E-0003,UHA-0014,12,11,0, 9.02168968184040E+0000,UHA-0015,12,11,1, 2.35304617156867E+0000, 0.00000000000000E+0000,,11,1, 3.63567923379125E+0000, 0.00000000000000E+0000,,
UHA-0081,11, 5.92522413870504E-0003, 2.33382851817484E-0003,UHA-0014,12,11,0, 9.02168968184040E+0000,UHA-0011,12,11,1, 2.17377815411445E+0000, 0.00000000000000E+0000,,11,1, 3.40274183183574E+0000, 0.00000000000000E+0000,,
UHA-0081,11, 5.92522413870504E-0003, 2.33382851817484E-0003,UHA-0014,12,11,0, 9.02168968184040E+0000,UHA-0010,11,10,1, 2.14147120757557E+0000, 0.00000000000000E+0000,,10,1, 3.06052425328558E+0000, 0.00000000000000E+0000,,
UHA-0081,11, 5.92522413870504E-0003, 2.33382851817484E-0003,UHA-0014,12,11,0, 9.02168968184040E+0000,UHA-0016,10,9,1, 3.17387188876021E-0001, 0.00000000000000E+0000,,9,1, 1.02538428408118E+0000, 0.00000000000000E+0000,,
UHA-0081,11, 5.92522413870504E-0003, 2.33382851817484E-0003,UHA-0014,12,11,0, 9.02168968184040E+0000,UHA-0265,12,11,1, 1.94922904984803E+0000, 0.00000000000000E+0000,,11,2, 7.20929585075795E-0001, 0.00000000000000E+0000,,
UHA-0081,11, 5.92522413870504E-0003, 2.33382851817484E-0003,UHA-0014,12,11,0, 9.02168968184040E+0000,UHA-0210,11,10,2, 8.63665543707237E-0001, 0.00000000000000E+0000,,10,2, 4.84398770616415E-0001, 0.00000000000000E+0000,,
UHA-0081,11, 5.92522413870504E-0003, 2.33382851817484E-0003,UHA-0014,12,11,0, 9.02168968184040E+0000,UHA-0261,12,11,2, 5.67671732168673E-0001, 0.00000000000000E+0000,,11,2, 5.43866792019240E-0003, 0.00000000000000E+0000,,
UHA-0091,12, 1.64407062367786E-0003, 5.21883221754038E-0005,UHA-0014,12,12,2,-5.18867938442542E-0001,UHA-0266,11,11,2, 1.15617826745248E+0000, 0.00000000000000E+0000,,11,3, 4.64116209915281E+0000, 4.64116209915281E+0000,+,
UHA-0098,12, 2.66654958155837E-0003, 4.59447312543982E-0006,UHA-0257,12,12,0, 7.84993398216508E+0000,UHA-0260,12,12,0, 8.31244322314411E+0000, 8.31244322314411E+0000,*,12,0, 1.20390416539613E+0001, 1.20390416539613E+0001,*,
UHA-0098,12, 2.66654958155837E-0003, 4.59447312543982E-0006,UHA-0257,12,12,0, 7.84993398216508E+0000,UHA-0010,11,11,0, 3.33201028989838E+0000, 0.00000000000000E+0000,,11,1, 6.52502426234626E+0000, 0.00000000000000E+0000,,
UHA-0098,12, 2.66654958155837E-0003, 4.59447312543982E-0006,UHA-0257,12,12,0, 7.84993398216508E+0000,UHA-0261,12,12,1, 1.61946020513824E+0000, 0.00000000000000E+0000,,12,2, 3.81660870991153E+0000, 0.00000000000000E+0000,,
UHA-0098,12, 2.66654958155837E-0003, 4.59447312543982E-0006,UHA-0257,12,12,0, 7.84993398216508E+0000,UHA-0263,12,12,1, 5.32562214641056E-0001, 0.00000000000000E+0000,,12,3, 1.07890095306833E+0000, 0.00000000000000E+0000,,
UHA-0098,12, 2.66654958155837E-0003, 4.59447312543982E-0006,UHA-0257,12,12,0, 7.84993398216508E+0000,UHA-0210,11,11,2,-2.24044256371125E-0001, 0.00000000000000E+0000,,11,3, 8.42122052598308E-0001, 0.00000000000000E+0000,,
UHA-0099,12, 2.92169477613466E-0004, 6.79740504359466E-0005,UHA-0257,12,12,0, 9.87176222008542E+0000,UHA-0258,11,11,0, 9.02769447940146E+0000, 9.02769447940146E+0000,*,11,0, 1.05665888661014E+0001, 1.05665888661014E+0001,*,
UHA-0101,11, 4.33281985378199E-0004, 2.21597305551959E-0006,UHA-0257,12,11,0, 7.17980966252056E+0000,UHA-0260,12,11,1, 5.07868856066905E+0000, 5.07868856066905E+0000,+,11,2, 5.68665867997594E+0000, 5.68665867997594E+0000,+,
UHA-0105,11, 3.66287358229986E-0004, 5.46932131350096E-0006,UHA-0257,12,11,0, 9.56251071220323E+0000,UHA-0258,11,11,0, 8.89746702307299E+0000, 8.89746702307299E+0000,*,11,1, 9.36078008842825E+0000, 9.36078008842825E+0000,*,
UHA-0105,11, 3.66287358229986E-0004, 5.46932131350096E-0006,UHA-0257,12,11,0, 9.56251071220323E+0000,UHA-0268,11,10,2, 3.34587384856862E+0000, 0.00000000000000E+0000,,10,2, 3.16360836072656E+0000, 0.00000000000000E+0000,,
UHA-0105,11, 3.66287358229986E-0004, 5.46932131350096E-0006,UHA-0257,12,11,0, 9.56251071220323E+0000,UHA-0272,12,11,2, 3.58490006838192E+0000, 0.00000000000000E+0000,,11,3, 2.03759749762960E+0000, 0.00000000000000E+0000,,
UHA-0106,12, 4.06207223094631E-0004, 3.45481996866316E-0005,UHA-0257,12,12,0, 9.74865488316256E+0000,UHA-0010,11,11,0, 4.42028953811803E+0000, 4.42028953811803E+0000,-,11,0, 8.24819905964491E+0000, 8.24819905964491E+0000,*,
UHA-0106,12, 4.06207223094631E-0004, 3.45481996866316E-0005,UHA-0257,12,12,0, 9.74865488316256E+0000,UHA-0260,12,12,1, 3.41137820307284E+0000, 0.00000000000000E+0000,,12,1, 7.01332541470403E+0000, 0.00000000000000E+0000,,
UHA-0106,12, 4.06207223094631E-0004, 3.45481996866316E-0005,UHA-0257,12,12,0, 9.74865488316256E+0000,UHA-0261,12,12,2, 6.90861611141968E-0001, 0.00000000000000E+0000,,12,2, 3.14336266493792E+0000, 0.00000000000000E+0000,,
UHA-0109,12, 5.78643013880898E-0004, 2.98043091057915E-0006,UHA-0257,12,12,0, 8.85997016929417E+0000,UHA-0261,12,12,0, 7.74573734197603E+0000, 7.74573734197603E+0000,*,12,0, 1.19667697881618E+0001, 1.19667697881618E+0001,*,
UHA-0109,12, 5.78643013880898E-0004, 2.98043091057915E-0006,UHA-0257,12,12,0, 8.85997016929417E+0000,UHA-0010,11,11,1, 1.72579243267553E+0000, 0.00000000000000E+0000,,11,2, 3.49538124301396E+0000, 0.00000000000000E+0000,,
UHA-0111,12, 2.53360379540057E-0004, 9.70686223077356E-0007,UHA-0257,12,12,0, 7.46696978425208E+0000,UHA-0258,11,11,1, 7.17580781530692E+0000, 0.00000000000000E+0000,,11,3, 3.66850580872596E+0000, 3.66850580872596E+0000,-,
UHA-0111,12, 2.53360379540057E-0004, 9.70686223077356E-0007,UHA-0257,12,12,0, 7.46696978425208E+0000,UHA-0261,12,12,2, 2.01312683743804E+0000, 0.00000000000000E+0000,,12,3, 1.05527268608135E+0000, 0.00000000000000E+0000,,
UHA-0111,12, 2.53360379540057E-0004, 9.70686223077356E-0007,UHA-0257,12,12,0, 7.46696978425208E+0000,UHA-0267,12,12,3, 5.15141383895638E-0001, 0.00000000000000E+0000,,12,4, 1.04991012453524E+0000, 0.00000000000000E+0000,,
UHA-0111,12, 2.53360379540057E-0004, 9.70686223077356E-0007,UHA-0257,12,12,0, 7.46696978425208E+0000,UHA-0272,12,12,1, 7.17969327726023E+0000, 7.17969327726023E+0000,*,12,4, 6.41711683287799E-0001, 0.00000000000000E+0000,,
UHA-0111,12, 2.53360379540057E-0004, 9.70686223077356E-0007,UHA-0257,12,12,0, 7.46696978425208E+0000,UHA-0010,11,11,2, 1.01490078715590E+0000, 0.00000000000000E+0000,,11,3, 4.83295374606157E-0001, 0.00000000000000E+0000,,
UHA-0112,11, 6.92139638875071E-0004, 1.44469801632041E-0002,UHA-0257,12,11,5,-6.71391058575608E+0000,UHA-0265,12,11,0, 9.00196412383107E+0000, 9.00196412383107E+0000,*,11,6, 5.32861682301257E+0000, 5.32861682301257E+0000,+,
UHA-0112,11, 6.92139638875071E-0004, 1.44469801632041E-0002,UHA-0257,12,11,5,-6.71391058575608E+0000,UHA-0267,12,11,0, 7.24781548698070E+0000, 0.00000000000000E+0000,,11,6, 4.75231947062715E+0000, 0.00000000000000E+0000,,
UHA-0112,11, 6.92139638875071E-0004, 1.44469801632041E-0002,UHA-0257,12,11,5,-6.71391058575608E+0000,UHA-0014,12,11,0, 6.63681077585043E+0000, 0.00000000000000E+0000,,11,6, 4.47069240426024E+0000, 0.00000000000000E+0000,,
UHA-0112,11, 6.92139638875071E-0004, 1.44469801632041E-0002,UHA-0257,12,11,5,-6.71391058575608E+0000,UHA-0262,12,11,1, 4.74360355060062E+0000, 0.00000000000000E+0000,,11,6, 3.96063056027918E+0000, 0.00000000000000E+0000,,
UHA-0112,11, 6.92139638875071E-0004, 1.44469801632041E-0002,UHA-0257,12,11,5,-6.71391058575608E+0000,UHA-0013,12,11,1, 4.25394433778375E+0000, 0.00000000000000E+0000,,11,6, 3.21306556626352E+0000, 0.00000000000000E+0000,,
UHA-0112,11, 6.92139638875071E-0004, 1.44469801632041E-0002,UHA-0257,12,11,5,-6.71391058575608E+0000,UHA-0263,12,11,1, 3.75774692346737E+0000, 0.00000000000000E+0000,,11,6, 2.87046364340295E+0000, 0.00000000000000E+0000,,
UHA-0112,11, 6.92139638875071E-0004, 1.44469801632041E-0002,UHA-0257,12,11,5,-6.71391058575608E+0000,UHA-0256,10,9,4,-2.30507681235180E+0000, 0.00000000000000E+0000,,9,5, 2.64360375469826E+0000, 0.00000000000000E+0000,,
UHA-0112,11, 6.92139638875071E-0004, 1.44469801632041E-0002,UHA-0257,12,11,5,-6.71391058575608E+0000,UHA-0016,10,9,1, 2.92568410405385E+0000, 0.00000000000000E+0000,,9,5, 1.49183852394677E+0000, 0.00000000000000E+0000,,
UHA-0112,11, 6.92139638875071E-0004, 1.44469801632041E-0002,UHA-0257,12,11,5,-6.71391058575608E+0000,UHA-0264,12,11,2, 1.59358296747887E+0000, 0.00000000000000E+0000,,11,6, 1.45337683329492E+0000, 0.00000000000000E+0000,,
UHA-0112,11, 6.92139638875071E-0004, 1.44469801632041E-0002,UHA-0257,12,11,5,-6.71391058575608E+0000,UHA-0266,11,11,3,-1.72430175523399E+0000, 0.00000000000000E+0000,,11,6, 1.31982944602515E-0001, 0.00000000000000E+0000,,
UHA-0112,11, 6.92139638875071E-0004, 1.44469801632041E-0002,UHA-0257,12,11,5,-6.71391058575608E+0000,UHA-0261,12,11,3,-1.89906053025632E+0000, 0.00000000000000E+0000,,11,6, 1.28556096216463E-0001, 0.00000000000000E+0000,,
UHA-0113,12, 5.56212962703488E-0004, 4.68856128400373E-0003,UHA-0257,12,12,3, 1.03970884796531E+0000,UHA-0260,12,12,2, 7.14419276421619E-0001, 0.00000000000000E+0000,,12,3, 4.42762691954097E+0000, 4.42762691954097E+0000,+,
UHA-0113,12, 5.56212962703488E-0004, 4.68856128400373E-0003,UHA-0257,12,12,3, 1.03970884796531E+0000,UHA-0266,11,11,1, 5.42464401511968E+0000, 5.42464401511968E+0000,+,11,4, 3.37671784702803E+0000, 0.00000000000000E+0000,,
UHA-0113,12, 5.56212962703488E-0004, 4.68856128400373E-0003,UHA-0257,12,12,3, 1.03970884796531E+0000,UHA-0014,12,12,1, 3.35993695692888E+0000, 0.00000000000000E+0000,,12,4, 3.35339235055181E+0000, 0.00000000000000E+0000,,
UHA-0113,12, 5.56212962703488E-0004, 4.68856128400373E-0003,UHA-0257,12,12,3, 1.03970884796531E+0000,UHA-0262,12,12,2, 2.23746616127844E+0000, 0.00000000000000E+0000,,12,5, 1.63402601932285E+0000, 0.00000000000000E+0000,,
UHA-0113,12, 5.56212962703488E-0004, 4.68856128400373E-0003,UHA-0257,12,12,3, 1.03970884796531E+0000,UHA-0010,11,11,2,-3.39191587800451E-0001, 0.00000000000000E+0000,,11,4, 1.15767748245044E+0000, 0.00000000000000E+0000,,
UHA-0113,12, 5.56212962703488E-0004, 4.68856128400373E-0003,UHA-0257,12,12,3, 1.03970884796531E+0000,UHA-0267,12,12,3,-8.82121180489030E-0001, 0.00000000000000E+0000,,12,5, 5.29332380843437E-0001, 0.00000000000000E+0000,,
UHA-0114,12, 9.57789699503818E-0005, 1.95234021635218E-0005,UHA-0257,12,12,0, 1.00706304420702E+0001,UHA-0260,12,12,2, 2.36008313692077E+0000, 2.36008313692077E+0000,-,12,2, 3.81320089135706E+0000, 3.81320089135706E+0000,-,
UHA-0123,12, 7.95264776517986E-0004, 8.23988847887570E-0005,UHA-0010,11,11,1, 3.25173078134598E+0000,UHA-0259,11,11,0, 6.93243450139304E+0000, 6.93243450139304E+0000,*,11,3, 5.47143462060064E+0000, 5.47143462060064E+0000,+,
UHA-0123,12, 7.95264776517986E-0004, 8.23988847887570E-0005,UHA-0010,11,11,1, 3.25173078134598E+0000,UHA-0257,12,12,2, 1.53806934781183E+0000, 0.00000000000000E+0000,,12,4, 5.70368529391337E-0002, 0.00000000000000E+0000,,
UHA-0124,12, 1.71121699597510E-0003, 1.30269784089896E-0004,UHA-0010,11,11,0, 6.67097911831938E+0000,UHA-0259,11,11,1, 3.99534424870181E+0000, 0.00000000000000E+0000,,11,1, 5.29785856952265E+0000, 5.29785856952265E+0000,+,
UHA-0124,12, 1.71121699597510E-0003, 1.30269784089896E-0004,UHA-0010,11,11,0, 6.67097911831938E+0000,UHA-0261,12,12,1, 5.42762211047962E+0000, 5.42762211047962E+0000,+,12,2, 2.93830919937157E+0000, 0.00000000000000E+0000,,
UHA-0124,12, 1.71121699597510E-0003, 1.30269784089896E-0004,UHA-0010,11,11,0, 6.67097911831938E+0000,UHA-0011,12,12,2, 3.90954449199916E+0000, 0.00000000000000E+0000,,12,3, 1.91329407757045E+0000, 0.00000000000000E+0000,,
UHA-0124,12, 1.71121699597510E-0003, 1.30269784089896E-0004,UHA-0010,11,11,0, 6.67097911831938E+0000,UHA-0016,10,10,2,-6.18298511039555E-0001, 0.00000000000000E+0000,,10,2, 1.24837695266040E+0000, 0.00000000000000E+0000,,
UHA-0124,12, 1.71121699597510E-0003, 1.30269784089896E-0004,UHA-0010,11,11,0, 6.67097911831938E+0000,UHA-0009,12,12,2, 1.17591164724888E+0000, 0.00000000000000E+0000,,12,3, 5.74441895361531E-0001, 0.00000000000000E+0000,,
UHA-0124,12, 1.71121699597510E-0003, 1.30269784089896E-0004,UHA-0010,11,11,0, 6.67097911831938E+0000,UHA-0264,12,12,3,-1.29858786382243E+0000, 0.00000000000000E+0000,,12,3, 1.59240994541678E-0001, 0.00000000000000E+0000,,
UHA-0125,12, 2.84146243120896E-0003, 7.84910085457767E-0005,UHA-0010,11,11,0, 6.06919619250351E+0000,UHA-0261,12,12,0, 7.83040466559030E+0000, 7.83040466559030E+0000,*,12,2, 4.32332015743798E+0000, 4.32332015743798E+0000,-,
UHA-0125,12, 2.84146243120896E-0003, 7.84910085457767E-0005,UHA-0010,11,11,0, 6.06919619250351E+0000,UHA-0260,12,12,0, 6.70668027942237E+0000, 0.00000000000000E+0000,,12,2, 4.19314856387640E+0000, 0.00000000000000E+0000,,
UHA-0125,12, 2.84146243120896E-0003, 7.84910085457767E-0005,UHA-0010,11,11,0, 6.06919619250351E+0000,UHA-0016,10,10,1, 8.17192838684000E-0001, 0.00000000000000E+0000,,10,2, 1.99893816999122E+0000, 0.00000000000000E+0000,,
UHA-0125,12, 2.84146243120896E-0003, 7.84910085457767E-0005,UHA-0010,11,11,0, 6.06919619250351E+0000,UHA-0011,12,12,2, 1.20582353577434E+0000, 0.00000000000000E+0000,,12,3, 1.79584304444612E+0000, 0.00000000000000E+0000,,
UHA-0125,12, 2.84146243120896E-0003, 7.84910085457767E-0005,UHA-0010,11,11,0, 6.06919619250351E+0000,UHA-0009,12,12,2, 5.18934722768127E-0001, 0.00000000000000E+0000,,12,3, 1.03025840769522E+0000, 0.00000000000000E+0000,,
UHA-0125,12, 2.84146243120896E-0003, 7.84910085457767E-0005,UHA-0010,11,11,0, 6.06919619250351E+0000,UHA-0263,12,12,1, 1.84609978087240E+0000, 0.00000000000000E+0000,,12,3, 2.83126644248229E-0001, 0.00000000000000E+0000,,
UHA-0128,12, 1.35686034149314E-0003, 1.02289367550284E-0005,UHA-0010,11,11,0, 5.76583519894239E+0000,UHA-0259,11,11,2, 2.27709509424406E+0000, 0.00000000000000E+0000,,11,3, 1.56442235002733E+0000, 1.56442235002733E+0000,-,
UHA-0129,11, 4.88145282769557E-0003, 6.43909975845895E-0005,UHA-0010,11,11,0, 4.46209832716625E+0000,UHA-0333,12,11,1, 4.26952107708967E+0000, 0.00000000000000E+0000,,11,1, 7.42350601050832E+0000, 7.42350601050832E+0000,*,
UHA-0129,11, 4.88145282769557E-0003, 6.43909975845895E-0005,UHA-0010,11,11,0, 4.46209832716625E+0000,UHA-0259,11,11,1, 4.54744447901902E+0000, 4.54744447901902E+0000,-,11,1, 6.95030017033528E+0000, 0.00000000000000E+0000,,
UHA-0129,11, 4.88145282769557E-0003, 6.43909975845895E-0005,UHA-0010,11,11,0, 4.46209832716625E+0000,UHA-0314,9,9,2, 2.37282577120846E-0002, 0.00000000000000E+0000,,9,2, 1.62732267936061E+0000, 0.00000000000000E+0000,,
UHA-0129,11, 4.88145282769557E-0003, 6.43909975845895E-0005,UHA-0010,11,11,0, 4.46209832716625E+0000,UHA-0331,10,9,1, 1.58763873666934E+0000, 0.00000000000000E+0000,,9,2, 1.57242593109411E+0000, 0.00000000000000E+0000,,
UHA-0129,11, 4.88145282769557E-0003, 6.43909975845895E-0005,UHA-0010,11,11,0, 4.46209832716625E+0000,UHA-0178,12,11,2, 1.17962504011517E+0000, 0.00000000000000E+0000,,11,3, 3.15858811398304E-0001, 0.00000000000000E+0000,,
UHA-0129,11, 4.88145282769557E-0003, 6.43909975845895E-0005,UHA-0010,11,11,0, 4.46209832716625E+0000,UHA-0189,12,11,3,-1.30221753586328E+0000, 0.00000000000000E+0000,,11,3, 2.65184850461166E-0001, 0.00000000000000E+0000,,
UHA-0129,11, 4.88145282769557E-0003, 6.43909975845895E-0005,UHA-0010,11,11,0, 4.46209832716625E+0000,UHA-0176,12,11,2, 7.36230795900514E-0001, 0.00000000000000E+0000,,11,3, 2.11821222223431E-0001, 0.00000000000000E+0000,,
UHA-0129,11, 4.88145282769557E-0003, 6.43909975845895E-0005,UHA-0010,11,11,0, 4.46209832716625E+0000,UHA-0324,11,10,3,-1.64778408556739E+0000, 0.00000000000000E+0000,,10,3, 2.09765271089399E-0001, 0.00000000000000E+0000,,
UHA-0130,12, 2.42832467326758E-0003, 7.74966023299359E-0005,UHA-0010,11,11,0, 6.89773440984988E+0000,UHA-0259,11,11,1, 3.42644395120734E+0000, 0.00000000000000E+0000,,11,1, 5.63830580079589E+0000, 5.63830580079589E+0000,+,
UHA-0130,12, 2.42832467326758E-0003, 7.74966023299359E-0005,UHA-0010,11,11,0, 6.89773440984988E+0000,UHA-0009,12,12,0, 5.52900660065966E+0000, 0.00000000000000E+0000,,12,2, 2.89607755781862E+0000, 0.00000000000000E+0000,,
UHA-0130,12, 2.42832467326758E-0003, 7.74966023299359E-0005,UHA-0010,11,11,0, 6.89773440984988E+0000,UHA-0015,12,12,1, 5.75104886219337E+0000, 5.75104886219337E+0000,+,12,3, 1.61135081739941E+0000, 0.00000000000000E+0000,,
UHA-0130,12, 2.42832467326758E-0003, 7.74966023299359E-0005,UHA-0010,11,11,0, 6.89773440984988E+0000,UHA-0013,12,12,0, 5.26523734264268E+0000, 0.00000000000000E+0000,,12,3, 7.76123484362608E-0001, 0.00000000000000E+0000,,
UHA-0130,12, 2.42832467326758E-0003, 7.74966023299359E-0005,UHA-0010,11,11,0, 6.89773440984988E+0000,UHA-0262,12,12,1, 2.47501497440693E+0000, 0.00000000000000E+0000,,12,3, 6.68928076265929E-0001, 0.00000000000000E+0000,,
UHA-0130,12, 2.42832467326758E-0003, 7.74966023299359E-0005,UHA-0010,11,11,0, 6.89773440984988E+0000,UHA-0011,12,12,1, 5.57178084473916E+0000, 0.00000000000000E+0000,,12,3, 6.25779933534265E-0001, 0.00000000000000E+0000,,
UHA-0130,12, 2.42832467326758E-0003, 7.74966023299359E-0005,UHA-0010,11,11,0, 6.89773440984988E+0000,UHA-0269,12,12,2,-8.21933087731379E-0001, 0.00000000000000E+0000,,12,3, 2.56899867611966E-0001, 0.00000000000000E+0000,,
UHA-0130,12, 2.42832467326758E-0003, 7.74966023299359E-0005,UHA-0010,11,11,0, 6.89773440984988E+0000,UHA-0261,12,12,1, 3.73292744833239E+0000, 0.00000000000000E+0000,,12,3, 1.19762480182234E-0001, 0.00000000000000E+0000,,
UHA-0131,12, 3.22208696029819E-0003, 8.21903385829224E-0005,UHA-0010,11,11,0, 6.36057732166815E+0000,UHA-0016,10,10,0, 4.48687142978313E+0000, 0.00000000000000E+0000,,10,1, 4.02416506335789E+0000, 4.02416506335789E+0000,-,
UHA-0131,12, 3.22208696029819E-0003, 8.21903385829224E-0005,UHA-0010,11,11,0, 6.36057732166815E+0000,UHA-0261,12,12,1, 4.67523946487897E+0000, 0.00000000000000E+0000,,12,2, 2.95919339580935E+0000, 0.00000000000000E+0000,,
UHA-0131,12, 3.22208696029819E-0003, 8.21903385829224E-0005,UHA-0010,11,11,0, 6.36057732166815E+0000,UHA-0011,12,12,1, 5.70066628923083E+0000, 5.70066628923083E+0000,+,12,3, 1.63407926505979E+0000, 0.00000000000000E+0000,,
UHA-0131,12, 3.22208696029819E-0003, 8.21903385829224E-0005,UHA-0010,11,11,0, 6.36057732166815E+0000,UHA-0265,12,12,1, 5.18084997580303E+0000, 0.00000000000000E+0000,,12,3, 9.89642909691126E-0001, 0.00000000000000E+0000,,
UHA-0131,12, 3.22208696029819E-0003, 8.21903385829224E-0005,UHA-0010,11,11,0, 6.36057732166815E+0000,UHA-0264,12,12,2, 1.50098716399522E+0000, 0.00000000000000E+0000,,12,3, 3.75015294340262E-0001, 0.00000000000000E+0000,,
UHA-0131,12, 3.22208696029819E-0003, 8.21903385829224E-0005,UHA-0010,11,11,0, 6.36057732166815E+0000,UHA-0009,12,12,1, 2.96703344448056E+0000, 0.00000000000000E+0000,,12,3, 2.95227082850866E-0001, 0.00000000000000E+0000,,
UHA-0131,12, 3.22208696029819E-0003, 8.21903385829224E-0005,UHA-0010,11,11,0, 6.36057732166815E+0000,UHA-0258,11,11,2, 1.45628875838172E+0000, 0.00000000000000E+0000,,11,3, 1.35243548472979E-0002, 0.00000000000000E+0000,,
UHA-0132,12, 7.57703653490037E-0004, 1.19774848556244E-0006,UHA-0010,11,11,0, 6.68262429510970E+0000,UHA-0263,12,12,0, 7.75227122479345E+0000, 7.75227122479345E+0000,*,12,3, 3.65112639432630E+0000, 3.65112639432630E+0000,-,
UHA-0132,12, 7.57703653490037E-0004, 1.19774848556244E-0006,UHA-0010,11,11,0, 6.68262429510970E+0000,UHA-0261,12,12,1, 5.73504104496593E+0000, 0.00000000000000E+0000,,12,3, 3.25699556084300E+0000, 0.00000000000000E+0000,,
UHA-0133,12, 4.90739041962853E-0004, 1.41705285931338E-0005,UHA-0010,11,11,0, 6.93877701246932E+0000,UHA-0263,12,12,0, 8.72118616770596E+0000, 8.72118616770596E+0000,*,12,2, 5.56183666053068E+0000, 5.56183666053068E+0000,+,
UHA-0133,12, 4.90739041962853E-0004, 1.41705285931338E-0005,UHA-0010,11,11,0, 6.93877701246932E+0000,UHA-0262,12,12,1, 4.28560085294555E+0000, 0.00000000000000E+0000,,12,3, 1.95705323747931E+0000, 0.00000000000000E+0000,,
UHA-0133,12, 4.90739041962853E-0004, 1.41705285931338E-0005,UHA-0010,11,11,0, 6.93877701246932E+0000,UHA-0011,12,12,1, 6.10384814607513E+0000, 0.00000000000000E+0000,,12,3, 1.88874598399773E+0000, 0.00000000000000E+0000,,
UHA-0133,12, 4.90739041962853E-0004, 1.41705285931338E-0005,UHA-0010,11,11,0, 6.93877701246932E+0000,UHA-0265,12,12,2, 3.96796594182925E+0000, 0.00000000000000E+0000,,12,3, 1.79816367166047E+0000, 0.00000000000000E+0000,,
UHA-0133,12, 4.90739041962853E-0004, 1.41705285931338E-0005,UHA-0010,11,11,0, 6.93877701246932E+0000,UHA-0014,12,12,2, 1.90596093365480E+0000, 0.00000000000000E+0000,,12,3, 2.97280913669966E-0001, 0.00000000000000E+0000,,
UHA-0137,12, 2.42832467326758E-0003, 7.74966023299359E-0005,UHA-0010,11,11,0, 6.89773440984988E+0000,UHA-0259,11,11,1, 3.42644395120734E+0000, 0.00000000000000E+0000,,11,1, 5.63830580079589E+0000, 5.63830580079589E+0000,+,
UHA-0137,12, 2.42832467326758E-0003, 7.74966023299359E-0005,UHA-0010,11,11,0, 6.89773440984988E+0000,UHA-0009,12,12,0, 5.52900660065966E+0000, 0.00000000000000E+0000,,12,2, 2.89607755781862E+0000, 0.00000000000000E+0000,,
UHA-0137,12, 2.42832467326758E-0003, 7.74966023299359E-0005,UHA-0010,11,11,0, 6.89773440984988E+0000,UHA-0015,12,12,1, 5.75104886219337E+0000, 5.75104886219337E+0000,+,12,3, 1.61135081739941E+0000, 0.00000000000000E+0000,,
UHA-0137,12, 2.42832467326758E-0003, 7.74966023299359E-0005,UHA-0010,11,11,0, 6.89773440984988E+0000,UHA-0013,12,12,0, 5.26523734264268E+0000, 0.00000000000000E+0000,,12,3, 7.76123484362608E-0001, 0.00000000000000E+0000,,
UHA-0137,12, 2.42832467326758E-0003, 7.74966023299359E-0005,UHA-0010,11,11,0, 6.89773440984988E+0000,UHA-0262,12,12,1, 2.47501497440693E+0000, 0.00000000000000E+0000,,12,3, 6.68928076265929E-0001, 0.00000000000000E+0000,,
UHA-0137,12, 2.42832467326758E-0003, 7.74966023299359E-0005,UHA-0010,11,11,0, 6.89773440984988E+0000,UHA-0011,12,12,1, 5.57178084473916E+0000, 0.00000000000000E+0000,,12,3, 6.25779933534265E-0001, 0.00000000000000E+0000,,
UHA-0137,12, 2.42832467326758E-0003, 7.74966023299359E-0005,UHA-0010,11,11,0, 6.89773440984988E+0000,UHA-0269,12,12,2,-8.21933087731379E-0001, 0.00000000000000E+0000,,12,3, 2.56899867611966E-0001, 0.00000000000000E+0000,,
UHA-0137,12, 2.42832467326758E-0003, 7.74966023299359E-0005,UHA-0010,11,11,0, 6.89773440984988E+0000,UHA-0261,12,12,1, 3.73292744833239E+0000, 0.00000000000000E+0000,,12,3, 1.19762480182234E-0001, 0.00000000000000E+0000,,
UHA-0138,12, 2.67096043078817E-0003, 1.00514768701924E-0005,UHA-0010,11,11,0, 5.14548270801019E+0000,UHA-0345,12,12,4,-6.68858035663875E-0002, 0.00000000000000E+0000,,12,4, 2.32268038957072E+0000, 2.32268038957072E+0000,-,
UHA-0138,12, 2.67096043078817E-0003, 1.00514768701924E-0005,UHA-0010,11,11,0, 5.14548270801019E+0000,UHA-0267,12,12,1, 3.08953354557674E+0000, 0.00000000000000E+0000,,12,3, 4.31382834557883E-0001, 0.00000000000000E+0000,,
UHA-0138,12, 2.67096043078817E-0003, 1.00514768701924E-0005,UHA-0010,11,11,0, 5.14548270801019E+0000,UHA-0013,12,12,1, 4.02748955043649E+0000, 0.00000000000000E+0000,,12,3, 4.21297133925083E-0001, 0.00000000000000E+0000,,
UHA-0139,12, 6.77871294183090E-0004, 1.37222807098979E-0007,UHA-0010,11,11,1, 2.87205000878091E+0000,
UHA-0140,12, 5.31687664506258E-0004, 2.36778280029220E-0005,UHA-0010,11,11,0, 6.13373897822565E+0000,UHA-0260,12,12,1, 5.68949311123789E+0000, 0.00000000000000E+0000,,12,2, 4.28617740767914E+0000, 4.28617740767914E+0000,-,
UHA-0140,12, 5.31687664506258E-0004, 2.36778280029220E-0005,UHA-0010,11,11,0, 6.13373897822565E+0000,UHA-0261,12,12,0, 6.20395187191966E+0000, 6.20395187191966E+0000,+,12,3, 1.09610556125586E+0000, 0.00000000000000E+0000,,
UHA-0141,12, 3.63972923444641E-0004, 1.17812530070277E-0007,UHA-0010,11,11,0, 5.43209532108256E+0000,UHA-0257,12,12,3,-1.67034152587966E-0001, 0.00000000000000E+0000,,12,3, 1.87489669474187E+0000, 1.87489669474187E+0000,-,
UHA-0141,12, 3.63972923444641E-0004, 1.17812530070277E-0007,UHA-0010,11,11,0, 5.43209532108256E+0000,UHA-0266,11,11,2, 1.84700750427506E+0000, 0.00000000000000E+0000,,11,4, 7.69435207405142E-0001, 0.00000000000000E+0000,,
UHA-0142,12, 7.49098139113079E-0004, 7.97480458690686E-0006,UHA-0010,11,11,0, 5.29666710888975E+0000,UHA-0257,12,12,2, 2.56039440764879E+0000, 0.00000000000000E+0000,,12,2, 4.30584432349402E+0000, 4.30584432349402E+0000,-,
UHA-0143,12, 8.66809119761905E-0004, 2.33058164592180E-0005,UHA-0010,11,11,0, 6.92677705948507E+0000,UHA-0259,11,11,1, 4.24220483881946E+0000, 0.00000000000000E+0000,,11,1, 7.07310846332158E+0000, 7.07310846332158E+0000,*,
UHA-0143,12, 8.66809119761905E-0004, 2.33058164592180E-0005,UHA-0010,11,11,0, 6.92677705948507E+0000,UHA-0333,12,12,3,-5.47536216886737E-0001, 0.00000000000000E+0000,,12,3, 2.36142602242576E+0000, 0.00000000000000E+0000,,
UHA-0143,12, 8.66809119761905E-0004, 2.33058164592180E-0005,UHA-0010,11,11,0, 6.92677705948507E+0000,UHA-0314,9,9,1, 1.65457994452244E+0000, 0.00000000000000E+0000,,9,2, 1.97474124616520E+0000, 0.00000000000000E+0000,,
UHA-0144,11, 1.53809858897832E-0003, 3.41783309189829E-0005,UHA-0010,11,11,0, 6.27368193658821E+0000,UHA-0259,11,11,1, 5.30667436789502E+0000, 5.30667436789502E+0000,+,11,1, 7.72911108581517E+0000, 7.72911108581517E+0000,*,
UHA-0144,11, 1.53809858897832E-0003, 3.41783309189829E-0005,UHA-0010,11,11,0, 6.27368193658821E+0000,UHA-0333,12,11,3,-5.20189256277092E-0001, 0.00000000000000E+0000,,11,3, 1.27735217164432E+0000, 0.00000000000000E+0000,,
UHA-0144,11, 1.53809858897832E-0003, 3.41783309189829E-0005,UHA-0010,11,11,0, 6.27368193658821E+0000,UHA-0272,12,11,1, 3.64201770035491E+0000, 0.00000000000000E+0000,,11,3, 1.96906138516696E-0001, 0.00000000000000E+0000,,
UHA-0146,10, 2.85617571173344E-0003, 3.10564795308053E-0004,UHA-0010,11,9,0, 5.68579658424042E+0000,UHA-0259,11,9,0, 5.47974641263613E+0000, 5.47974641263613E+0000,+,9,0, 8.04768869182890E+0000, 8.04768869182890E+0000,*,
UHA-0146,10, 2.85617571173344E-0003, 3.10564795308053E-0004,UHA-0010,11,9,0, 5.68579658424042E+0000,UHA-0267,12,10,1, 3.33067436311328E+0000, 0.00000000000000E+0000,,10,2, 2.62139035044555E+0000, 0.00000000000000E+0000,,
UHA-0146,10, 2.85617571173344E-0003, 3.10564795308053E-0004,UHA-0010,11,9,0, 5.68579658424042E+0000,UHA-0269,12,10,2, 5.34872176603738E-0001, 0.00000000000000E+0000,,10,2, 2.54740288282256E+0000, 0.00000000000000E+0000,,
UHA-0146,10, 2.85617571173344E-0003, 3.10564795308053E-0004,UHA-0010,11,9,0, 5.68579658424042E+0000,UHA-0014,12,10,1, 2.71966965198301E+0000, 0.00000000000000E+0000,,10,2, 1.96199473720088E+0000, 0.00000000000000E+0000,,
UHA-0146,10, 2.85617571173344E-0003, 3.10564795308053E-0004,UHA-0010,11,9,0, 5.68579658424042E+0000,UHA-0261,12,10,1, 3.53583004963803E+0000, 0.00000000000000E+0000,,10,2, 1.63318744107317E+0000, 0.00000000000000E+0000,,
UHA-0146,10, 2.85617571173344E-0003, 3.10564795308053E-0004,UHA-0010,11,9,0, 5.68579658424042E+0000,UHA-0009,12,10,2, 1.81361761823588E-0001, 0.00000000000000E+0000,,10,2, 9.91631345866455E-0001, 0.00000000000000E+0000,,
UHA-0146,10, 2.85617571173344E-0003, 3.10564795308053E-0004,UHA-0010,11,9,0, 5.68579658424042E+0000,UHA-0256,10,8,2, 9.06411673532563E-0003, 0.00000000000000E+0000,,8,2, 7.03760052700314E-0001, 0.00000000000000E+0000,,
UHA-0148,12, 2.86949595593685E-0004, 1.03197427319782E-0005,UHA-0012,12,12,1, 5.92550685341952E+0000,UHA-0210,11,11,2, 2.15488665385069E+0000, 2.15488665385069E+0000,-,11,4, 1.54406634657690E-0001, 1.54406634657690E-0001,-,
UHA-0150,12, 1.41261652427840E-0003, 1.35469182374117E-0005,UHA-0012,12,12,0, 7.07234222918460E+0000,UHA-0266,11,11,0, 8.59593734575870E+0000, 8.59593734575870E+0000,*,11,0, 1.11830032908410E+0001, 1.11830032908410E+0001,*,
UHA-0151,11, 1.49315725119049E-0003, 2.93256597543154E-0004,UHA-0012,12,11,0, 9.41506480875110E+0000,UHA-0264,12,11,2, 7.79391402895790E-0001, 7.79391402895790E-0001,-,11,3, 1.13606277361017E-0001, 1.13606277361017E-0001,-,
UHA-0152,12, 2.83048389862841E-0003, 4.25729349947862E-0006,UHA-0012,12,12,0, 5.88901972351473E+0000,UHA-0260,12,12,0, 8.93333560666308E+0000, 8.93333560666308E+0000,*,12,0, 1.21472699961234E+0001, 1.21472699961234E+0001,*,
UHA-0152,12, 2.83048389862841E-0003, 4.25729349947862E-0006,UHA-0012,12,12,0, 5.88901972351473E+0000,UHA-0011,12,12,1, 4.19151923054884E+0000, 0.00000000000000E+0000,,12,4, 8.94742965404040E-0001, 0.00000000000000E+0000,,
UHA-0152,12, 2.83048389862841E-0003, 4.25729349947862E-0006,UHA-0012,12,12,0, 5.88901972351473E+0000,UHA-0263,12,12,1, 2.53181637359670E+0000, 0.00000000000000E+0000,,12,3, 6.62336191716922E-0001, 0.00000000000000E+0000,,
UHA-0153,12, 1.50658793639948E-0004, 3.77336019021548E-0007,UHA-0012,12,12,0, 9.85479314829177E+0000,UHA-0260,12,12,1, 6.01093762688317E+0000, 6.01093762688317E+0000,+,12,1, 8.65792683720514E+0000, 8.65792683720514E+0000,*,
UHA-0154,12, 6.33138389071325E-0004, 2.11437599119928E-0004,UHA-0012,12,12,1, 3.54145409496428E+0000,UHA-0258,11,11,2, 1.92996600090718E+0000, 0.00000000000000E+0000,,11,2, 5.03041826176491E+0000, 5.03041826176491E+0000,+,
UHA-0154,12, 6.33138389071325E-0004, 2.11437599119928E-0004,UHA-0012,12,12,1, 3.54145409496428E+0000,UHA-0260,12,12,1, 2.89111955367766E+0000, 0.00000000000000E+0000,,12,2, 4.76009705666858E+0000, 0.00000000000000E+0000,,
UHA-0154,12, 6.33138389071325E-0004, 2.11437599119928E-0004,UHA-0012,12,12,1, 3.54145409496428E+0000,UHA-0257,12,12,2, 1.18567988609550E+0000, 0.00000000000000E+0000,,12,2, 4.48773657633975E+0000, 0.00000000000000E+0000,,
UHA-0154,12, 6.33138389071325E-0004, 2.11437599119928E-0004,UHA-0012,12,12,1, 3.54145409496428E+0000,UHA-0259,11,11,3,-1.81893150761992E+0000, 0.00000000000000E+0000,,11,3, 1.00618598271547E+0000, 0.00000000000000E+0000,,
UHA-0154,12, 6.33138389071325E-0004, 2.11437599119928E-0004,UHA-0012,12,12,1, 3.54145409496428E+0000,UHA-0010,11,11,1, 1.16433443523407E+0000, 0.00000000000000E+0000,,11,3, 3.25104559405612E-0001, 0.00000000000000E+0000,,
UHA-0155,12, 1.37693344294584E-0003, 2.45920358546695E-0006,UHA-0012,12,12,0, 6.98070920435122E+0000,UHA-0257,12,12,0, 6.79691576161956E+0000, 6.79691576161956E+0000,+,12,1, 8.64115927224119E+0000, 8.64115927224119E+0000,*,
UHA-0155,12, 1.37693344294584E-0003, 2.45920358546695E-0006,UHA-0012,12,12,0, 6.98070920435122E+0000,UHA-0266,11,11,1, 5.18580053595848E+0000, 0.00000000000000E+0000,,11,3, 3.10250696891292E+0000, 0.00000000000000E+0000,,
UHA-0156,11, 1.12764259169432E-0003, 1.28930099366916E-0008,UHA-0012,12,11,1, 2.65124453633080E+0000,
UHA-0157,12, 1.12361105121793E-0003, 1.17044011403704E-0005,UHA-0012,12,12,0, 7.62358124774716E+0000,UHA-0258,11,11,0, 8.35758664202639E+0000, 8.35758664202639E+0000,*,11,0, 1.21863289004856E+0001, 1.21863289004856E+0001,*,
UHA-0157,12, 1.12361105121793E-0003, 1.17044011403704E-0005,UHA-0012,12,12,0, 7.62358124774716E+0000,UHA-0257,12,12,2, 2.00586062334296E+0000, 0.00000000000000E+0000,,12,2, 4.08565100293970E+0000, 0.00000000000000E+0000,,
UHA-0158,12, 1.01313978568697E-0003, 1.41404550167571E-0006,UHA-0012,12,12,0, 5.87863358451085E+0000,UHA-0267,12,12,2, 2.68074077653908E+0000, 0.00000000000000E+0000,,12,3, 2.77362913488049E+0000, 2.77362913488049E+0000,-,
UHA-0158,12, 1.01313978568697E-0003, 1.41404550167571E-0006,UHA-0012,12,12,0, 5.87863358451085E+0000,UHA-0014,12,12,2, 2.28469518126483E+0000, 0.00000000000000E+0000,,12,3, 2.15908284122125E+0000, 0.00000000000000E+0000,,
UHA-0158,12, 1.01313978568697E-0003, 1.41404550167571E-0006,UHA-0012,12,12,0, 5.87863358451085E+0000,UHA-0256,10,10,1, 4.67594585174196E+0000, 4.67594585174196E+0000,-,10,4, 1.55274718285748E+0000, 0.00000000000000E+0000,,
UHA-0158,12, 1.01313978568697E-0003, 1.41404550167571E-0006,UHA-0012,12,12,0, 5.87863358451085E+0000,UHA-0339,12,12,4,-2.51673372252628E-0001, 0.00000000000000E+0000,,12,5, 3.00299399422919E-0001, 0.00000000000000E+0000,,
UHA-0159,12, 1.16692689916730E-0003, 1.46518408826228E-0005,UHA-0012,12,12,0, 7.04453897289482E+0000,UHA-0260,12,12,0, 7.77142849558224E+0000, 7.77142849558224E+0000,*,12,0, 1.09202045215901E+0001, 1.09202045215901E+0001,*,
UHA-0159,12, 1.16692689916730E-0003, 1.46518408826228E-0005,UHA-0012,12,12,0, 7.04453897289482E+0000,UHA-0261,12,12,1, 4.16869209343209E+0000, 0.00000000000000E+0000,,12,1, 6.26742280534614E+0000, 0.00000000000000E+0000,,
UHA-0159,12, 1.16692689916730E-0003, 1.46518408826228E-0005,UHA-0012,12,12,0, 7.04453897289482E+0000,UHA-0010,11,11,1, 3.17416503730405E+0000, 0.00000000000000E+0000,,11,1, 5.22100920900484E+0000, 0.00000000000000E+0000,,
UHA-0160,12, 7.49082255507368E-0004, 2.33425907869062E-0006,UHA-0012,12,12,0, 8.51854876095635E+0000,UHA-0257,12,12,0, 8.42795709836556E+0000, 8.42795709836556E+0000,*,12,0, 1.26260263070278E+0001, 1.26260263070278E+0001,*,
UHA-0160,12, 7.49082255507368E-0004, 2.33425907869062E-0006,UHA-0012,12,12,0, 8.51854876095635E+0000,UHA-0266,11,11,1, 3.69213222680100E+0000, 0.00000000000000E+0000,,11,4, 6.28911820996687E-0001, 0.00000000000000E+0000,,
UHA-0161,12, 2.32690172227414E-0003, 1.02338786045159E-0005,UHA-0012,12,12,0, 7.12559650069933E+0000,UHA-0260,12,12,0, 8.08209918269695E+0000, 8.08209918269695E+0000,*,12,0, 1.13012346156602E+0001, 1.13012346156602E+0001,*,
UHA-0161,12, 2.32690172227414E-0003, 1.02338786045159E-0005,UHA-0012,12,12,0, 7.12559650069933E+0000,UHA-0263,12,12,1, 2.34285019950247E+0000, 0.00000000000000E+0000,,12,2, 3.36471318375710E+0000, 0.00000000000000E+0000,,
UHA-0161,12, 2.32690172227414E-0003, 1.02338786045159E-0005,UHA-0012,12,12,0, 7.12559650069933E+0000,UHA-0011,12,12,2, 2.90385571321891E+0000, 0.00000000000000E+0000,,12,3, 2.62925136630842E+0000, 0.00000000000000E+0000,,
UHA-0161,12, 2.32690172227414E-0003, 1.02338786045159E-0005,UHA-0012,12,12,0, 7.12559650069933E+0000,UHA-0010,11,11,1, 7.65678546510955E-0001, 0.00000000000000E+0000,,11,2, 1.71033672146378E+0000, 0.00000000000000E+0000,,
UHA-0161,12, 2.32690172227414E-0003, 1.02338786045159E-0005,UHA-0012,12,12,0, 7.12559650069933E+0000,UHA-0009,12,12,2, 2.07587134275908E+0000, 0.00000000000000E+0000,,12,3, 1.44392059848668E+0000, 0.00000000000000E+0000,,
UHA-0161,12, 2.32690172227414E-0003, 1.02338786045159E-0005,UHA-0012,12,12,0, 7.12559650069933E+0000,UHA-0261,12,12,1, 2.22693209403723E+0000, 0.00000000000000E+0000,,12,3, 1.50454474518427E-0001, 0.00000000000000E+0000,,
UHA-0162,11, 5.47477129646056E-0003, 2.13358351241719E-0006,UHA-0012,12,11,0, 4.52926036122764E+0000,UHA-0177,12,11,0, 1.09141089853536E+0001, 1.09141089853536E+0001,*,11,0, 1.49250343114340E+0001, 1.49250343114340E+0001,*,
UHA-0162,11, 5.47477129646056E-0003, 2.13358351241719E-0006,UHA-0012,12,11,0, 4.52926036122764E+0000,UHA-0330,12,11,1, 2.58656467935509E+0000, 0.00000000000000E+0000,,11,2, 4.51723305683710E+0000, 0.00000000000000E+0000,,
UHA-0162,11, 5.47477129646056E-0003, 2.13358351241719E-0006,UHA-0012,12,11,0, 4.52926036122764E+0000,UHA-0347,11,10,2, 5.86654753157103E-0001, 0.00000000000000E+0000,,10,2, 3.15292319396463E+0000, 0.00000000000000E+0000,,
UHA-0162,11, 5.47477129646056E-0003, 2.13358351241719E-0006,UHA-0012,12,11,0, 4.52926036122764E+0000,UHA-0304,12,11,3,-1.26164988037458E+0000, 0.00000000000000E+0000,,11,3, 8.08883763506752E-0001, 0.00000000000000E+0000,,
UHA-0162,11, 5.47477129646056E-0003, 2.13358351241719E-0006,UHA-0012,12,11,0, 4.52926036122764E+0000,UHA-0316,12,11,2,-8.68024292329268E-0001, 0.00000000000000E+0000,,11,3, 4.20747529533116E-0001, 0.00000000000000E+0000,,
UHA-0163,12, 5.99077365796554E-0004, 3.49710673492291E-0005,UHA-0012,12,12,1, 6.86210451029371E+0000,UHA-0258,11,11,1, 4.84656562504248E+0000, 4.84656562504248E+0000,-,11,2, 7.10876231360710E+0000, 7.10876231360710E+0000,*,
UHA-0163,12, 5.99077365796554E-0004, 3.49710673492291E-0005,UHA-0012,12,12,1, 6.86210451029371E+0000,UHA-0257,12,12,2, 1.79668459722577E+0000, 0.00000000000000E+0000,,12,3, 3.24391167535181E+0000, 0.00000000000000E+0000,,
UHA-0164,11, 6.24318153521635E-0004, 1.05720898838460E-0004,UHA-0016,10,9,0, 8.12963645615466E+0000,UHA-0264,12,11,0, 1.14133373500834E+0001, 1.14133373500834E+0001,*,11,1, 7.58862041383681E+0000, 7.58862041383681E+0000,*,
UHA-0164,11, 6.24318153521635E-0004, 1.05720898838460E-0004,UHA-0016,10,9,0, 8.12963645615466E+0000,UHA-0266,11,11,1, 4.48867736858240E+0000, 0.00000000000000E+0000,,11,1, 6.51416015606573E+0000, 0.00000000000000E+0000,,
UHA-0164,11, 6.24318153521635E-0004, 1.05720898838460E-0004,UHA-0016,10,9,0, 8.12963645615466E+0000,UHA-0011,12,11,2, 1.37591374394544E+0000, 0.00000000000000E+0000,,11,2, 2.05430655529815E+0000, 0.00000000000000E+0000,,
UHA-0164,11, 6.24318153521635E-0004, 1.05720898838460E-0004,UHA-0016,10,9,0, 8.12963645615466E+0000,UHA-0210,11,10,2, 1.12268804057995E+0000, 0.00000000000000E+0000,,10,2, 1.91216811506906E+0000, 0.00000000000000E+0000,,
UHA-0164,11, 6.24318153521635E-0004, 1.05720898838460E-0004,UHA-0016,10,9,0, 8.12963645615466E+0000,UHA-0009,12,11,2, 6.89024930939233E-0001, 0.00000000000000E+0000,,11,2, 1.30838273032521E+0000, 0.00000000000000E+0000,,
UHA-0164,11, 6.24318153521635E-0004, 1.05720898838460E-0004,UHA-0016,10,9,0, 8.12963645615466E+0000,UHA-0261,12,11,2,-6.51964405843189E-0001, 0.00000000000000E+0000,,11,2, 2.36413523082312E-0001, 0.00000000000000E+0000,,
UHA-0165,11, 8.55122232940175E-0004, 9.39703467123710E-0005,UHA-0016,10,9,0, 4.71102001469190E+0000,UHA-0266,11,11,1, 4.80623577131263E+0000, 0.00000000000000E+0000,,11,1, 5.69230558730437E+0000, 5.69230558730437E+0000,+,
UHA-0165,11, 8.55122232940175E-0004, 9.39703467123710E-0005,UHA-0016,10,9,0, 4.71102001469190E+0000,UHA-0011,12,11,1, 4.44978911391952E+0000, 0.00000000000000E+0000,,11,2, 2.53766451287535E+0000, 0.00000000000000E+0000,,
UHA-0165,11, 8.55122232940175E-0004, 9.39703467123710E-0005,UHA-0016,10,9,0, 4.71102001469190E+0000,UHA-0263,12,11,0, 6.16656687114802E+0000, 6.16656687114802E+0000,+,11,2, 2.37601485087825E+0000, 0.00000000000000E+0000,,
UHA-0165,11, 8.55122232940175E-0004, 9.39703467123710E-0005,UHA-0016,10,9,0, 4.71102001469190E+0000,UHA-0009,12,11,1, 3.71962633885729E+0000, 0.00000000000000E+0000,,11,2, 1.80254497761087E+0000, 0.00000000000000E+0000,,
UHA-0165,11, 8.55122232940175E-0004, 9.39703467123710E-0005,UHA-0016,10,9,0, 4.71102001469190E+0000,UHA-0257,12,11,3, 1.36509668637528E-0001, 0.00000000000000E+0000,,11,3, 1.29464746848890E+0000, 0.00000000000000E+0000,,
UHA-0165,11, 8.55122232940175E-0004, 9.39703467123710E-0005,UHA-0016,10,9,0, 4.71102001469190E+0000,UHA-0260,12,11,2, 1.10909910291064E+0000, 0.00000000000000E+0000,,11,2, 9.02852031511606E-0001, 0.00000000000000E+0000,,
UHA-0165,11, 8.55122232940175E-0004, 9.39703467123710E-0005,UHA-0016,10,9,0, 4.71102001469190E+0000,UHA-0010,11,10,0, 4.56356903530694E+0000, 0.00000000000000E+0000,,10,2, 7.63363423686163E-0001, 0.00000000000000E+0000,,
UHA-0165,11, 8.55122232940175E-0004, 9.39703467123710E-0005,UHA-0016,10,9,0, 4.71102001469190E+0000,UHA-0261,12,11,1, 2.77695934622847E+0000, 0.00000000000000E+0000,,11,2, 7.29769542503612E-0001, 0.00000000000000E+0000,,
UHA-0167,10, 1.68799237411598E-0003, 1.33620152945247E-0005,UHA-0016,10,9,2,-2.35235465209824E+0000,UHA-0267,12,10,0, 6.70424938588498E+0000, 0.00000000000000E+0000,,10,4, 4.97419876346566E+0000, 4.97419876346566E+0000,+,
UHA-0167,10, 1.68799237411598E-0003, 1.33620152945247E-0005,UHA-0016,10,9,2,-2.35235465209824E+0000,UHA-0260,12,10,1, 6.80295088885110E+0000, 6.80295088885110E+0000,+,10,4, 4.90473880683752E+0000, 0.00000000000000E+0000,,
UHA-0167,10, 1.68799237411598E-0003, 1.33620152945247E-0005,UHA-0016,10,9,2,-2.35235465209824E+0000,UHA-0013,12,10,0, 6.08058996339456E+0000, 0.00000000000000E+0000,,10,5, 2.67090480094919E+0000, 0.00000000000000E+0000,,
UHA-0167,10, 1.68799237411598E-0003, 1.33620152945247E-0005,UHA-0016,10,9,2,-2.35235465209824E+0000,UHA-0014,12,10,1, 3.05510850065908E+0000, 0.00000000000000E+0000,,10,5, 7.03800432185407E-0001, 0.00000000000000E+0000,,
UHA-0167,10, 1.68799237411598E-0003, 1.33620152945247E-0005,UHA-0016,10,9,2,-2.35235465209824E+0000,UHA-0261,12,10,2, 1.30612494519296E+0000, 0.00000000000000E+0000,,10,5, 1.95028330407074E-0001, 0.00000000000000E+0000,,
UHA-0167,10, 1.68799237411598E-0003, 1.33620152945247E-0005,UHA-0016,10,9,2,-2.35235465209824E+0000,UHA-0272,12,10,2, 2.86826407562470E-0001, 0.00000000000000E+0000,,10,5, 1.88685801811033E-0001, 0.00000000000000E+0000,,
