Offspring ID,Loci typed,Mother ID,Loci typed,Pair loci compared,Pair loci mismatching,Pair LOD score,Candidate father ID,Loci typed,Pair loci compared,Pair loci mismatching,Pair LOD score,Pair Delta,Pair confidence,Trio loci compared,Trio loci mismatching,Trio LOD score,Trio Delta,Trio confidence
UHA-0020,9,UHA-0261,9,9,3,-7.06779693337487E+0000,UHA-0260,9,9,0, 1.32518234166607E+0001, 1.32518234166607E+0001,*,9,4, 8.15360125344958E+0000, 8.15360125344958E+0000,*,
UHA-0021,9,UHA-0261,9,9,3,-6.52509444083825E+0000,UHA-0260,9,9,0, 1.03950648268902E+0001, 1.03950648268902E+0001,*,9,4, 7.05177353817243E+0000, 6.79731574619539E+0000,*,
UHA-0022,9,UHA-0261,9,9,2, 1.41633043957241E-0001,UHA-0257,9,9,2,-4.04508514437461E+0000, 0.00000000000000E+0000,,9,3, 1.67837601431584E-0001, 1.67837601431584E-0001,-,
UHA-0023,8,UHA-0261,9,8,2,-4.68500946005453E+0000,UHA-0260,9,8,0, 6.75896664284328E+0000, 4.01531522352284E+0000,*,8,3, 3.81118546194078E+0000, 1.20611819559243E+0000,+,
UHA-0024,9,UHA-0261,9,9,3,-6.68368776623581E+0000,UHA-0420,9,9,3,-5.87500243247464E+0000, 0.00000000000000E+0000,,9,4, 1.48307464233204E+0000, 1.48307464233204E+0000,+,
UHA-0025,9,UHA-0261,9,9,2, 1.40303690744319E+0000,UHA-0258,9,9,4,-9.43331648320808E+0000, 0.00000000000000E+0000,,9,4,-2.48271823752437E+0000, 0.00000000000000E+0000,,
UHA-0026,9,UHA-0261,9,9,1, 3.86359547678339E+0000,UHA-0351,9,9,1, 4.27137865347293E+0000, 2.13682450866795E+0000,+,9,3, 1.01956627023919E+0000, 1.01956627023919E+0000,+,
UHA-0027,9,UHA-0261,9,9,2,-6.93840082957758E-0001,UHA-0257,9,9,2,-2.93192097296567E+0000, 0.00000000000000E+0000,,9,2, 6.37980878558911E+0000, 6.37980878558911E+0000,*,
UHA-0028,9,UHA-0261,9,9,2,-2.26564963245879E+0000,UHA-0257,9,9,1, 2.90945174773558E-0001, 0.00000000000000E+0000,,9,5,-5.84314471522734E+0000, 0.00000000000000E+0000,,
UHA-0029,9,UHA-0261,9,9,2,-3.09004256513549E+0000,UHA-0257,9,9,0, 6.44776237801355E+0000, 2.70649540322131E+0000,+,9,4, 4.62062112516446E-0001, 4.62062112516446E-0001,-,
UHA-0036,9,UHA-0261,9,9,2,-3.33196159830132E+0000,UHA-0257,9,9,1, 1.61863070521847E+0000, 0.00000000000000E+0000,,9,4,-6.08287787162607E-0001, 0.00000000000000E+0000,,
UHA-0037,9,UHA-0261,9,9,3,-7.41968287303168E+0000,UHA-0257,9,9,1, 1.21758650960165E+0000, 0.00000000000000E+0000,,9,3, 5.62965023856594E+0000, 5.62965023856594E+0000,*,
UHA-0038,9,UHA-0261,9,9,2,-2.18496621320235E+0000,UHA-0351,9,9,0, 9.05124550774928E+0000, 6.23173750399602E+0000,*,9,3, 5.37829041160758E+0000, 2.98359986250358E+0000,+,
UHA-0040,9,UHA-0261,9,9,2,-2.03746408256834E+0000,UHA-0351,9,9,0, 7.31627569597773E+0000, 4.69598494350745E+0000,*,9,3, 4.31455819819025E+0000, 4.31455819819025E+0000,*,
UHA-0041,9,UHA-0261,9,9,1, 3.25846676490473E+0000,UHA-0260,9,9,0, 1.22937129363506E+0001, 1.22937129363506E+0001,*,9,2, 1.17678455948423E+0001, 1.17678455948423E+0001,*,
UHA-0043,9,UHA-0260,9,9,0, 8.75636845816660E+0000,UHA-0261,9,9,2,-3.44197396461608E+0000, 0.00000000000000E+0000,,9,2,-3.39243032093764E+0000, 0.00000000000000E+0000,,
UHA-0044,9,UHA-0260,9,9,0, 1.24327935203142E+0001,UHA-0512,9,9,2, 5.78407187383683E-0001, 5.78407187383683E-0001,-,9,4,-8.27723798109037E+0000, 0.00000000000000E+0000,,
UHA-0045,9,UHA-0260,9,9,2,-3.36762824521037E+0000,UHA-0351,9,9,1, 2.78431442538866E+0000, 2.78431442538866E+0000,+,9,4,-6.53747500405084E-0002, 0.00000000000000E+0000,,
UHA-0046,9,UHA-0260,9,9,1, 4.09961471963408E+0000,UHA-0257,9,9,1, 1.75564985995416E+0000, 0.00000000000000E+0000,,9,1, 8.41637497604366E+0000, 8.41637497604366E+0000,*,
UHA-0047,9,UHA-0260,9,9,1, 5.20681743747588E+0000,UHA-0351,9,9,1, 1.15688298599754E+0000, 1.15688298599754E+0000,-,9,2, 2.01755944881767E+0000, 2.01755944881767E+0000,+,
UHA-0048,9,UHA-0260,9,9,1, 1.40519431061593E+0000,UHA-0257,9,9,1, 1.40242505883412E+0000, 1.40242505883412E+0000,-,9,1, 7.85328521397364E+0000, 7.85328521397364E+0000,*,
UHA-0049,9,UHA-0260,9,9,3,-6.71507141318054E+0000,UHA-0257,9,9,2,-4.07426079888861E+0000, 0.00000000000000E+0000,,9,4, 2.24699320670287E+0000, 2.24699320670287E+0000,+,
UHA-0050,9,UHA-0260,9,9,0, 1.02118121724494E+0001,UHA-0261,9,9,2, 3.52351972022895E+0000, 3.52311716472096E+0000,+,9,2, 2.76388968951678E+0000, 2.76388968951678E+0000,+,
UHA-0051,9,UHA-0260,9,9,3,-8.14220147458201E+0000,UHA-0258,9,9,4,-1.08599957740520E+0001, 0.00000000000000E+0000,,9,5,-2.48909703541368E+0000, 0.00000000000000E+0000,,
UHA-0052,9,UHA-0260,9,9,1, 2.73941958462568E+0000,UHA-0361,7,7,2,-3.98583701561622E+0000, 0.00000000000000E+0000,,7,3,-2.92428608884463E+0000, 0.00000000000000E+0000,,
UHA-0053,9,UHA-0260,9,9,2,-1.99976410264415E+0000,UHA-0351,9,9,0, 1.02617190575868E+0001, 1.02617190575868E+0001,*,9,2, 1.11757431144873E+0001, 1.11757431144873E+0001,*,
UHA-0054,9,UHA-0260,9,9,2,-1.42805065561365E+0000,UHA-0351,9,9,1, 3.90470472040961E+0000, 3.90470472040961E+0000,*,9,3, 4.19656218023784E+0000, 4.19656218023784E+0000,*,
UHA-0055,9,UHA-0260,9,9,3,-7.77070826329365E+0000,UHA-0372,9,9,3,-7.35762707558760E+0000, 0.00000000000000E+0000,,9,5,-3.43508204675829E+0000, 0.00000000000000E+0000,,
UHA-0056,8,UHA-0260,9,8,2,-4.47081463264472E+0000,UHA-0258,9,8,3,-6.82767960910490E+0000, 0.00000000000000E+0000,,8,3, 1.29142699076537E+0000, 1.29142699076537E+0000,+,
UHA-0058,9,UHA-0260,9,9,2,-2.97453909423601E-0001,UHA-0351,9,9,0, 9.17046079891756E+0000, 9.17046079891756E+0000,*,9,2, 1.00582994007478E+0001, 1.00582994007478E+0001,*,
UHA-0059,9,UHA-0260,9,9,3,-6.49355164242375E+0000,UHA-0257,9,9,1, 2.11721388707879E+0000, 2.11721388707879E+0000,+,9,4, 4.05226367751455E+0000, 4.05226367751455E+0000,*,
UHA-0068,9,UHA-0014,9,9,0, 7.19351788210460E+0000,UHA-0351,9,9,0, 4.61172270802801E+0000, 0.00000000000000E+0000,,9,1, 3.34458525090441E+0000, 2.95425080912335E-0001,-,
UHA-0069,9,UHA-0014,9,9,0, 5.52343234913411E+0000,UHA-0266,9,9,1, 4.91177879265881E+0000, 0.00000000000000E+0000,,9,1, 6.36815397213627E+0000, 6.36815397213627E+0000,*,
UHA-0070,9,UHA-0014,9,9,0, 9.95026908609611E+0000,UHA-0262,9,9,0, 1.10016541706652E+0001, 1.10302100839523E+0000,-,9,0, 1.08115292122095E+0001, 6.78032887123207E-0001,+,
UHA-0071,9,UHA-0014,9,9,0, 7.45067592295130E+0000,UHA-0266,9,9,1, 3.91543862717425E+0000, 7.04718963681929E-0001,-,9,1, 5.70119950067659E+0000, 5.70119950067659E+0000,*,
UHA-0072,9,UHA-0014,9,9,0, 6.53901380781146E+0000,UHA-0266,9,9,0, 8.34026677905247E+0000, 6.13648596175768E+0000,*,9,0, 1.16358712753567E+0001, 1.16358712753567E+0001,*,
UHA-0073,9,UHA-0014,9,9,0, 1.00060067345110E+0001,UHA-0267,9,9,0, 1.10640173251180E+0001, 1.07306900178627E+0000,-,9,1, 6.05491985409320E+0000, 7.09730771749038E-0001,+,
UHA-0074,9,UHA-0014,9,9,0, 3.94611757895354E+0000,UHA-0256,9,9,2,-2.14077121248962E+0000, 0.00000000000000E+0000,,9,3,-5.18323556822531E+0000, 0.00000000000000E+0000,,
UHA-0075,9,UHA-0014,9,9,0, 8.85794304260481E+0000,UHA-0351,9,9,0, 7.76468596956878E+0000, 4.32912692848532E+0000,*,9,0, 1.08286119553420E+0001, 1.08286119553420E+0001,*,
UHA-0076,9,UHA-0014,9,9,0, 7.19096515489695E+0000,UHA-0266,9,9,0, 9.18530707412511E+0000, 2.39692936933005E+0000,+,9,0, 1.13913847569936E+0001, 1.13913847569936E+0001,*,
UHA-0077,9,UHA-0014,9,9,0, 9.33864097925537E+0000,UHA-0224,9,9,1, 9.59716273914832E-0001, 0.00000000000000E+0000,,9,1, 3.37004693119554E+0000, 6.53793647125707E-0001,-,
UHA-0079,9,UHA-0014,9,9,0, 1.11898501176828E+0001,UHA-0267,9,9,0, 1.07872626675809E+0001, 6.88286539094650E-0001,-,9,0, 1.11162246624455E+0001, 6.90127178173928E-0001,+,
UHA-0080,9,UHA-0014,9,9,0, 8.44970609226113E+0000,UHA-0265,9,9,0, 1.17006734664270E+0001, 2.56640381326313E+0000,+,9,0, 1.43973654620768E+0001, 1.33778413889989E+0001,*,
UHA-0081,9,UHA-0014,9,9,0, 1.06575414844373E+0001,UHA-0013,9,9,0, 8.84440953932396E+0000, 0.00000000000000E+0000,,9,0, 9.04194268494798E+0000, 6.89555564422735E-0001,+,
UHA-0088,9,UHA-0014,9,9,0, 7.80337832277183E+0000,UHA-0262,9,9,0, 8.20977944464849E+0000, 6.30285857425109E+0000,*,9,2, 9.09749808717069E-0002, 9.09749808717069E-0002,-,
UHA-0089,9,UHA-0014,9,9,0, 9.15024682133279E+0000,UHA-0266,9,9,1, 4.73834344266649E+0000, 0.00000000000000E+0000,,9,1, 7.23281578305184E+0000, 7.23281578305184E+0000,*,
UHA-0090,9,UHA-0014,9,9,0, 5.80683762989997E+0000,UHA-0266,9,9,0, 1.03897599498885E+0001, 3.46702156045360E+0000,+,9,0, 1.35434919771903E+0001, 1.35434919771903E+0001,*,
UHA-0091,9,UHA-0014,9,9,0, 7.56390800368325E+0000,UHA-0266,9,9,1, 4.23980249661069E+0000, 1.56835480191008E+0000,+,9,1, 6.29004464064311E+0000, 6.29004464064311E+0000,*,
UHA-0093,8,UHA-0015,9,8,0, 6.81709209967040E+0000,UHA-0265,9,8,0, 7.92173720129981E+0000, 3.86821086926137E-0001,-,8,0, 9.04044778362216E+0000, 5.01730830821240E+0000,*,
UHA-0094,9,UHA-0015,9,9,0, 9.07555698132563E+0000,UHA-0266,9,9,1, 3.84541379562419E+0000, 2.55786322125900E+0000,+,9,1, 6.85489345505506E+0000, 6.85489345505506E+0000,*,
UHA-0095,9,UHA-0015,9,9,0, 6.68399369888348E+0000,UHA-0266,9,9,0, 9.84674589218997E+0000, 2.47438508788920E+0000,+,9,0, 1.32387380389698E+0001, 1.28564457599016E+0001,*,
UHA-0096,7,UHA-0015,9,7,0, 3.78658490846122E+0000,UHA-0266,9,7,0, 5.64532912636087E+0000, 1.72869165814547E+0000,+,7,0, 7.55600108229524E+0000, 7.55600108229524E+0000,*,
UHA-0097,8,UHA-0015,9,8,1, 2.81310825819171E+0000,UHA-0266,9,8,0, 8.61727067627115E+0000, 4.00567397706965E+0000,*,8,1, 1.03439169299178E+0001, 9.03282260332541E+0000,*,
UHA-0098,9,UHA-0257,9,9,1, 8.86247749818890E-0001,UHA-0260,9,9,1, 4.19466548460521E+0000, 3.80621031163267E+0000,+,9,1, 1.12947889820565E+0001, 1.12947889820565E+0001,*,
UHA-0099,9,UHA-0257,9,9,0, 7.56976228717129E+0000,UHA-0258,9,9,3,-5.24487704208342E+0000, 0.00000000000000E+0000,,9,3,-4.66146479149539E+0000, 0.00000000000000E+0000,,
UHA-0100,9,UHA-0257,9,9,0, 9.23684457547025E+0000,UHA-0256,9,9,3,-6.93278246835106E+0000, 0.00000000000000E+0000,,9,3,-6.33398057267877E+0000, 0.00000000000000E+0000,,
UHA-0101,9,UHA-0257,9,9,2,-3.41171538904594E+0000,UHA-0260,9,9,1, 9.90798341618312E-0001, 9.90798341618312E-0001,-,9,2, 7.12202002293056E+0000, 7.12202002293056E+0000,*,
UHA-0102,9,UHA-0257,9,9,1, 1.63065648352453E+0000,UHA-0351,9,9,0, 1.13181275712251E+0001, 1.13181275712251E+0001,*,9,2, 8.81351596973448E+0000, 8.81351596973448E+0000,*,
UHA-0103,9,UHA-0257,9,9,3,-9.34492625558373E+0000,UHA-0260,9,9,2,-3.60953442560635E+0000, 0.00000000000000E+0000,,9,4, 2.36864973870296E+0000, 2.36864973870296E+0000,+,
UHA-0105,9,UHA-0257,9,9,0, 1.00376747147104E+0001,UHA-0258,9,9,3,-6.25749099252177E+0000, 0.00000000000000E+0000,,9,3,-5.76708726379881E+0000, 0.00000000000000E+0000,,
UHA-0106,9,UHA-0257,9,9,2,-2.41536861838379E+0000,UHA-0260,9,9,1, 6.96427942789598E-0001, 1.98804785181912E-0001,-,9,2, 6.36102283820757E+0000, 4.86213172408788E+0000,*,
UHA-0109,9,UHA-0257,9,9,1, 1.37679778816276E+0000,UHA-0261,9,9,1, 3.50822444867329E+0000, 3.50822444867329E+0000,+,9,3, 2.22926548184687E+0000, 2.22926548184687E+0000,+,
UHA-0110,9,UHA-0257,9,9,0, 9.15502428735712E+0000,UHA-0351,9,9,2,-3.30759497138128E+0000, 0.00000000000000E+0000,,9,3,-6.47181797916413E+0000, 0.00000000000000E+0000,,
UHA-0111,9,UHA-0257,9,9,0, 1.00129706552323E+0001,UHA-0351,9,9,1, 1.72730437573520E+0000, 1.72730437573520E+0000,+,9,1, 4.95772094163944E+0000, 4.95772094163944E+0000,*,
UHA-0112,9,UHA-0257,9,9,5,-1.69188623610683E+0001,UHA-0265,9,9,0, 1.17006734664270E+0001, 2.56640381326313E+0000,+,9,5, 9.58698144064261E+0000, 3.14201260662733E+0000,+,
UHA-0113,9,UHA-0257,9,9,1, 2.30989882706173E+0000,UHA-0260,9,9,2,-4.15958780435049E+0000, 0.00000000000000E+0000,,9,2, 1.13691877042662E+0000, 1.13691877042662E+0000,+,
UHA-0114,9,UHA-0257,9,9,2,-3.04216239932677E+0000,UHA-0260,9,9,3,-5.97425294210037E+0000, 0.00000000000000E+0000,,9,4, 1.40392043497586E-0001, 1.40392043497586E-0001,-,
UHA-0115,9,UHA-0351,9,9,0, 8.41342563880291E+0000,UHA-0303,9,9,3,-6.68114672242465E+0000, 0.00000000000000E+0000,,9,3,-5.04912511581416E+0000, 0.00000000000000E+0000,,
UHA-0116,9,UHA-0351,9,9,1, 3.44873555772274E+0000,UHA-0260,9,9,1, 4.88214391444809E+0000, 4.88214391444809E+0000,*,9,2, 6.91480518887545E+0000, 6.91480518887545E+0000,*,
UHA-0118,9,UHA-0351,9,9,0, 9.70569793325034E+0000,UHA-0260,9,9,1, 2.93517844572842E+0000, 0.00000000000000E+0000,,9,1, 5.66647390293331E+0000, 2.74323947152362E+0000,+,
UHA-0119,9,UHA-0351,9,9,0, 9.01207124075179E+0000,UHA-0257,9,9,2,-6.84666909198741E-0001, 0.00000000000000E+0000,,9,2,-5.69554743777462E-0001, 0.00000000000000E+0000,,
UHA-0120,9,UHA-0351,9,9,0, 1.00036547113799E+0001,UHA-0257,9,9,2,-2.27976383775640E+0000, 0.00000000000000E+0000,,9,3,-5.36247289801061E+0000, 0.00000000000000E+0000,,
UHA-0121,9,UHA-0351,9,9,0, 1.18019456418562E+0001,UHA-0407,9,9,2,-7.81041850927124E-0001, 0.00000000000000E+0000,,9,2, 2.57961739166636E-0001, 2.57961739166636E-0001,-,
UHA-0122,9,UHA-0351,9,9,0, 1.19331741290285E+0001,UHA-0407,9,9,2,-7.81041850927124E-0001, 0.00000000000000E+0000,,9,2, 2.07261171541914E-0001, 2.07261171541914E-0001,-,
UHA-0123,9,UHA-0010,9,9,1, 3.10473277101904E+0000,UHA-0258,9,9,2,-8.64105720826747E-0001, 0.00000000000000E+0000,,9,2, 2.60825156722298E+0000, 1.11957006152251E+0000,+,
UHA-0124,8,UHA-0010,9,8,0, 5.65684325671899E+0000,UHA-0258,9,8,1, 1.11471392355836E+0000, 1.60833237526817E-0001,-,8,1, 2.94114639759509E+0000, 1.82808336847906E+0000,+,
UHA-0125,9,UHA-0010,9,9,1, 3.00695461729351E+0000,UHA-0016,8,8,2,-5.14429357866551E+0000, 0.00000000000000E+0000,,8,3,-4.56293396189545E+0000, 0.00000000000000E+0000,,
UHA-0126,9,UHA-0010,9,9,1, 3.19991879944528E+0000,UHA-0266,9,9,2,-2.31867003528093E+0000, 0.00000000000000E+0000,,9,2, 2.57883706415363E+0000, 2.26879286969356E+0000,+,
UHA-0127,8,UHA-0010,9,8,1, 1.10199980566863E+0000,UHA-0015,9,8,1, 1.86984573250125E+0000, 0.00000000000000E+0000,,8,2, 1.01226238200033E+0000, 7.30376732088112E-0003,-,
UHA-0128,9,UHA-0010,9,9,2,-5.69925095628350E+0000,UHA-0258,9,9,3,-6.32592259201530E+0000, 0.00000000000000E+0000,,9,3, 1.74446480369093E+0000, 2.84641594358778E-0001,-,
UHA-0129,8,UHA-0010,9,8,0, 5.77919018931034E+0000,UHA-0331,7,6,1,-1.49808034415060E+0000, 0.00000000000000E+0000,,6,1, 1.75591620013369E-0001, 1.75591620013369E-0001,-,
UHA-0130,9,UHA-0010,9,9,1, 3.75424634245862E+0000,UHA-0016,8,8,1,-1.92611669739502E-0001, 0.00000000000000E+0000,,8,2,-3.93524337301020E-0001, 0.00000000000000E+0000,,
UHA-0131,9,UHA-0010,9,9,1, 2.41080916129896E+0000,UHA-0263,9,9,0, 8.15637813792445E+0000, 5.72720164757761E+0000,*,9,5,-8.37946412520050E+0000, 0.00000000000000E+0000,,
UHA-0132,9,UHA-0010,9,9,1, 1.96077199869216E+0000,UHA-0263,9,9,1, 5.05588395480599E+0000, 5.05588395480599E+0000,*,9,4,-2.86433979923181E+0000, 0.00000000000000E+0000,,
UHA-0133,9,UHA-0010,9,9,0, 9.66276729959900E+0000,UHA-0015,9,9,0, 5.31261086647967E+0000, 0.00000000000000E+0000,,9,0, 7.55162420652798E+0000, 2.64030133492543E-0003,-,
UHA-0134,9,UHA-0010,9,9,1, 2.93377243951838E+0000,UHA-0258,9,9,2,-2.37686575892074E+0000, 0.00000000000000E+0000,,9,2, 1.86400141448603E+0000, 1.86400141448603E+0000,+,
UHA-0135,9,UHA-0010,9,9,1, 2.76572669349082E+0000,UHA-0257,9,9,1, 1.49669592773932E+0000, 1.49669592773932E+0000,+,9,3,-1.06316009005977E+0000, 0.00000000000000E+0000,,
UHA-0136,9,UHA-0010,9,9,1, 1.86215464205865E+0000,UHA-0331,7,7,2,-5.41511589140229E+0000, 0.00000000000000E+0000,,7,2,-5.02691702672658E-0001, 0.00000000000000E+0000,,
UHA-0137,9,UHA-0010,9,9,1, 2.20632532363524E+0000,UHA-0015,9,9,1, 4.49391642576736E+0000, 0.00000000000000E+0000,,9,2, 2.46617821781733E+0000, 6.98027193854206E-0001,+,
UHA-0138,9,UHA-0010,9,9,0, 7.72224039029612E+0000,UHA-0293,9,9,2,-1.12200590127679E+0000, 0.00000000000000E+0000,,9,2, 1.19445119965031E+0000, 2.93358794206853E-0001,-,
UHA-0139,9,UHA-0010,9,9,0, 9.55295244805418E+0000,UHA-0260,9,9,1, 3.27872791781224E+0000, 3.27872791781224E+0000,+,9,1, 4.65357573352895E+0000, 4.65357573352895E+0000,*,
UHA-0140,9,UHA-0010,9,9,1, 3.90042894536233E+0000,UHA-0315,9,9,3,-8.04605538018174E+0000, 0.00000000000000E+0000,,9,3,-3.10713055930478E+0000, 0.00000000000000E+0000,,
UHA-0141,9,UHA-0010,9,9,0, 8.51339223078686E+0000,UHA-0257,9,9,0, 6.43581506653373E+0000, 1.37222388197116E+0000,-,9,1, 5.02897383803623E+0000, 5.02897383803623E+0000,*,
UHA-0142,9,UHA-0010,9,9,0, 7.95822293242564E+0000,UHA-0210,9,9,3,-5.40918149081345E+0000, 0.00000000000000E+0000,,9,3,-3.91860851088085E+0000, 0.00000000000000E+0000,,
UHA-0143,9,UHA-0010,9,9,1, 3.34703300282203E+0000,UHA-0331,7,7,2,-5.41511589140229E+0000, 0.00000000000000E+0000,,7,2,-4.94863605649836E-0001, 0.00000000000000E+0000,,
UHA-0144,9,UHA-0010,9,9,0, 7.89761983208309E+0000,UHA-0265,9,9,0, 9.49923085550910E+0000, 7.73095357819479E+0000,*,9,2, 2.49198228808243E+0000, 2.49198228808243E+0000,+,
UHA-0146,9,UHA-0010,9,9,0, 9.78007092374925E+0000,UHA-0015,9,9,2,-2.56807214824795E+0000, 0.00000000000000E+0000,,9,2,-2.15595704648207E+0000, 0.00000000000000E+0000,,
UHA-0147,9,UHA-0010,9,9,0, 7.27693361714669E+0000,UHA-0269,9,9,1, 1.85795835064106E+0000, 0.00000000000000E+0000,,9,2, 7.31232011009429E-0002, 7.31232011009429E-0002,-,
UHA-0148,9,UHA-0012,9,9,1, 5.42963529255242E+0000,UHA-0476,9,9,0, 1.16750009528394E+0001, 1.16750009528394E+0001,*,9,1, 1.31376859106598E+0001, 1.31376859106598E+0001,*,
UHA-0150,9,UHA-0012,9,9,0, 8.54379555759395E+0000,UHA-0266,9,9,0, 1.07654798780273E+0001, 1.07654798780273E+0001,*,9,0, 1.37212130357848E+0001, 1.37212130357848E+0001,*,
UHA-0151,9,UHA-0012,9,9,0, 1.19063369143050E+0001,UHA-0351,9,9,0, 6.69114035963039E+0000, 6.69114035963039E+0000,*,9,0, 9.65307441979166E+0000, 9.65307441979166E+0000,*,
UHA-0152,9,UHA-0012,9,9,0, 7.57371846041898E+0000,UHA-0260,9,9,2, 8.42769777416968E-0001, 0.00000000000000E+0000,,9,3,-2.18499911901163E+0000, 0.00000000000000E+0000,,
UHA-0153,9,UHA-0012,9,9,0, 1.11840032075781E+0001,UHA-0259,9,9,2,-3.43309848611366E+0000, 0.00000000000000E+0000,,9,3,-5.55680596240948E+0000, 0.00000000000000E+0000,,
UHA-0154,9,UHA-0012,9,9,1, 3.01839033955304E+0000,UHA-0257,9,9,2,-2.76261131612421E+0000, 0.00000000000000E+0000,,9,2, 2.77153905920071E+0000, 2.77153905920071E+0000,+,
UHA-0155,9,UHA-0012,9,9,0, 9.31991443007454E+0000,UHA-0257,9,9,3,-6.69817990592273E+0000, 0.00000000000000E+0000,,9,3,-5.79453674125905E+0000, 0.00000000000000E+0000,,
UHA-0156,9,UHA-0012,9,9,1, 1.64668269162206E+0000,UHA-0361,7,7,4,-1.25327289007583E+0001, 0.00000000000000E+0000,,7,4,-9.43505357149026E+0000, 0.00000000000000E+0000,,
UHA-0157,9,UHA-0012,9,9,0, 9.74680700765185E+0000,UHA-0257,9,9,1, 3.03997575873368E+0000, 3.03997575873368E+0000,+,9,1, 6.17842036940990E+0000, 6.17842036940990E+0000,*,
UHA-0158,9,UHA-0012,9,9,0, 7.80512310439144E+0000,UHA-0339,9,9,3,-4.24915622281314E+0000, 0.00000000000000E+0000,,9,3,-3.28123681499773E+0000, 0.00000000000000E+0000,,
UHA-0159,9,UHA-0012,9,9,1, 2.33412996737125E+0000,UHA-0260,9,9,1, 1.37970268666282E+0000, 1.37970268666282E+0000,-,9,2, 2.70664121584634E+0000, 1.20227154580841E+0000,+,
UHA-0160,9,UHA-0012,9,9,0, 1.12400609257817E+0001,UHA-0257,9,9,3,-7.10040527214714E+0000, 0.00000000000000E+0000,,9,3,-6.54085471060178E+0000, 0.00000000000000E+0000,,
UHA-0161,9,UHA-0012,9,9,0, 9.00467071181715E+0000,UHA-0011,9,9,1, 2.77158158921473E+0000, 1.80320051011570E+0000,+,9,2, 1.09060743807015E+0000, 6.92735739879343E-0001,+,
UHA-0162,8,UHA-0012,9,8,0, 7.07576050472392E+0000,UHA-0177,8,8,0, 8.24289342473708E+0000, 5.96407751932792E+0000,*,8,0, 1.15648304026297E+0001, 7.84258311705074E+0000,*,
UHA-0163,9,UHA-0012,9,9,0, 1.11796961153415E+0001,UHA-0257,9,9,1, 1.76754187260403E+0000, 1.76754187260403E+0000,+,9,1, 5.04720765536603E+0000, 5.04720765536603E+0000,*,
UHA-0164,8,UHA-0016,8,7,0, 8.44846751218267E+0000,UHA-0264,9,8,0, 1.08971698192897E+0001, 5.08012162540814E-0001,-,8,1, 4.41104289482101E+0000, 4.83704827343323E-0001,-,
UHA-0165,9,UHA-0016,8,8,1, 9.69170159254267E-0001,UHA-0266,9,9,1, 3.40193791871651E+0000, 0.00000000000000E+0000,,9,2, 3.32264518473147E+0000, 3.32264518473147E+0000,+,
UHA-0166,9,UHA-0013,9,9,0, 8.56735264763205E+0000,UHA-0263,9,9,1, 4.79317188452507E+0000, 1.51231249333252E+0000,+,9,4,-7.08899712643509E+0000, 0.00000000000000E+0000,,
UHA-0167,9,UHA-0013,9,9,1, 2.43817094497960E+0000,UHA-0260,9,9,2,-2.22333363163188E+0000, 0.00000000000000E+0000,,9,3,-1.08890777169722E+0000, 0.00000000000000E+0000,,
UHA-0169,9,UHA-0013,9,9,0, 4.61929321492656E+0000,UHA-0269,9,9,0, 1.14133049362982E+0001, 6.11051551530544E+0000,*,9,0, 1.47328871503448E+0001, 1.47328871503448E+0001,*,
UHA-0298,9,UHA-0351,9,9,0, 1.33812890725857E+0001,UHA-0264,9,9,1,-2.02477678706124E+0000, 0.00000000000000E+0000,,9,1,-6.45452824590513E-0001, 0.00000000000000E+0000,,
UHA-0426,9,UHA-0009,9,9,0, 8.73721128002087E+0000,UHA-0258,9,9,2,-3.28373962467398E+0000, 0.00000000000000E+0000,,9,2,-2.58598991587229E+0000, 0.00000000000000E+0000,,
UHA-0427,9,UHA-0015,9,9,0, 8.29962941969749E+0000,UHA-0259,9,9,2,-3.01195983118598E+0000, 0.00000000000000E+0000,,9,3,-3.98227531689364E+0000, 0.00000000000000E+0000,,
UHA-0428,9,UHA-0015,9,9,0, 8.41403061084436E+0000,UHA-0266,9,9,2,-9.03846909345652E-0001, 0.00000000000000E+0000,,9,2, 4.43452065822243E-0001, 4.43452065822243E-0001,-,
UHA-0429,9,UHA-0012,9,9,0, 1.18759311998343E+0001,UHA-0257,9,9,2,-3.73245168936733E+0000, 0.00000000000000E+0000,,9,2,-1.71551170788418E+0000, 0.00000000000000E+0000,,
UHA-0430,9,UHA-0012,9,9,0, 8.66760438742666E+0000,UHA-0259,9,9,2,-3.43309848611366E+0000, 0.00000000000000E+0000,,9,3,-5.49276398981217E+0000, 0.00000000000000E+0000,,
UHA-0431,9,UHA-0012,9,9,0, 1.40777206409613E+0001,UHA-0512,9,9,1, 2.93904067345181E+0000, 2.61925669353693E+0000,+,9,3,-4.23292622860601E+0000, 0.00000000000000E+0000,,
UHA-0432,9,UHA-0012,9,9,0, 6.46581494629966E+0000,UHA-0303,9,9,1, 4.51161032351686E+0000, 6.21960921557111E-0001,-,9,3,-1.65870997312004E+0000, 0.00000000000000E+0000,,
UHA-0433,9,UHA-0012,9,9,0, 6.37644568213276E+0000,UHA-0257,9,9,1, 2.70519796212942E+0000, 1.16410331550077E+0000,-,9,1, 5.65455568213165E+0000, 5.65455568213165E+0000,*,
UHA-0434,9,UHA-0012,9,9,0, 8.55349369824877E+0000,UHA-0016,8,8,1, 2.31559458562434E+0000, 0.00000000000000E+0000,,8,3,-5.47950426083657E+0000, 0.00000000000000E+0000,,
UHA-0435,9,UHA-0010,9,9,1, 2.00086701919841E+0000,UHA-0265,9,9,3,-6.02247184633935E+0000, 0.00000000000000E+0000,,9,4,-6.54876075764129E+0000, 0.00000000000000E+0000,,
UHA-0436,9,UHA-0010,9,9,0, 9.87740894892659E+0000,UHA-0016,8,8,0, 6.61777674304373E+0000, 1.84556279268980E+0000,+,8,2,-3.60075159186020E+0000, 0.00000000000000E+0000,,
UHA-0437,9,UHA-0010,9,9,1, 3.72670048727268E+0000,UHA-0224,9,9,1, 2.67321220142519E+0000, 0.00000000000000E+0000,,9,2, 2.99471346047083E+0000, 6.32061628088998E-0002,-,
UHA-0438,9,UHA-0010,9,9,1, 1.90453813530315E+0000,UHA-0331,7,7,2,-3.78834139809330E+0000, 0.00000000000000E+0000,,7,2, 1.03710746775209E+0000, 1.03710746775209E+0000,+,
UHA-0439,9,UHA-0010,9,9,1, 4.25007208803784E+0000,UHA-0260,9,9,1, 4.53420942223789E+0000, 4.53420942223789E+0000,*,9,2, 4.07238669309269E+0000, 4.07238669309269E+0000,*,
UHA-0440,9,UHA-0260,9,9,1, 4.79785092606866E-0002,UHA-0351,9,9,1, 4.00930738938802E+0000, 9.81023716913612E-0001,-,9,3, 3.17692491626686E+0000, 3.17692491626686E+0000,+,
UHA-0441,9,UHA-0260,9,9,0, 8.99875482052726E+0000,UHA-0261,9,9,1, 6.46339620096026E+0000, 2.77827607074748E+0000,+,9,1, 7.10976225873842E+0000, 2.60026162120548E+0000,+,
UHA-0442,9,UHA-0260,9,9,0, 1.17487685374443E+0001,UHA-0010,9,9,1, 2.99554730790603E+0000, 2.99554730790603E+0000,+,9,2,-9.16775851051286E-0001, 0.00000000000000E+0000,,
UHA-0443,9,UHA-0260,9,9,2,-4.35035289668652E+0000,UHA-0257,9,9,2,-3.55218505397383E+0000, 0.00000000000000E+0000,,9,3, 3.45652341068625E+0000, 3.45652341068625E+0000,*,
UHA-0444,9,UHA-0260,9,9,3,-1.01891061480726E+0001,UHA-0257,9,9,2,-2.64471128574622E+0000, 0.00000000000000E+0000,,9,4, 3.20822195812152E+0000, 3.20822195812152E+0000,+,
UHA-0445,9,UHA-0260,9,9,2,-4.21584271452787E+0000,UHA-0257,9,9,1, 2.77385602089758E+0000, 1.71547855861104E+0000,+,9,2, 7.67665924391290E+0000, 7.67665924391290E+0000,*,
UHA-0446,9,UHA-0260,9,9,2,-3.45150613419552E-0001,UHA-0263,9,9,2,-2.14273418026026E+0000, 0.00000000000000E+0000,,9,3, 2.56219800419490E+0000, 6.34605096942207E-0001,-,
UHA-0447,9,UHA-0260,9,9,2,-1.88884586603216E+0000,UHA-0512,9,9,3,-2.38597970223872E+0000, 0.00000000000000E+0000,,9,3, 2.46424353425137E+0000, 7.09013371592569E-0001,+,
UHA-0448,9,UHA-0260,9,9,1, 2.67042914313663E+0000,UHA-0257,9,9,2,-2.87365203869343E+0000, 0.00000000000000E+0000,,9,2, 3.46282678416409E+0000, 3.46282678416409E+0000,*,
UHA-0449,9,UHA-0260,9,9,2,-1.15240040411892E+0000,UHA-0257,9,9,1, 2.09728626271366E+0000, 2.09728626271366E+0000,+,9,2, 7.65015812193983E+0000, 7.65015812193983E+0000,*,
UHA-0450,9,UHA-0260,9,9,1, 7.48879308452481E-0001,UHA-0257,9,9,3,-7.04467051703138E+0000, 0.00000000000000E+0000,,9,3,-1.69681803922522E+0000, 0.00000000000000E+0000,,
UHA-0451,9,UHA-0260,9,9,3,-1.06559534827331E+0001,UHA-0257,9,9,2,-2.98994228414739E+0000, 0.00000000000000E+0000,,9,4, 2.85957855751375E+0000, 2.85957855751375E+0000,+,
UHA-0452,9,UHA-0260,9,9,3,-8.81617548175253E+0000,UHA-0257,9,9,1, 2.60894509603024E+0000, 2.60894509603024E+0000,+,9,4, 3.89694241015617E+0000, 3.89694241015617E+0000,*,
UHA-0453,9,UHA-0260,9,9,2,-5.58877338084795E+0000,UHA-0257,9,9,2,-1.97417207318469E+0000, 0.00000000000000E+0000,,9,3, 2.99944033280047E+0000, 2.99944033280047E+0000,+,
UHA-0454,9,UHA-0257,9,9,1, 2.24968490916348E+0000,UHA-0260,9,9,2,-3.10600234205691E+0000, 0.00000000000000E+0000,,9,2, 2.24275997426731E+0000, 2.24275997426731E+0000,+,
UHA-0455,9,UHA-0257,9,9,1, 1.76758368160042E+0000,UHA-0260,9,9,2,-3.19513845660874E+0000, 0.00000000000000E+0000,,9,3,-3.57266327623082E-0001, 0.00000000000000E+0000,,
UHA-0456,9,UHA-0257,9,9,2,-2.54000943865280E+0000,UHA-0260,9,9,2,-4.53518791855436E+0000, 0.00000000000000E+0000,,9,3, 4.88676748739951E-0001, 4.88676748739951E-0001,-,
UHA-0457,9,UHA-0257,9,9,0, 8.55021413038124E+0000,UHA-0526,7,7,3,-7.73458706832090E+0000, 0.00000000000000E+0000,,7,3,-8.48449734656264E+0000, 0.00000000000000E+0000,,
UHA-0458,9,UHA-0257,9,9,0, 7.51465869536328E+0000,UHA-0351,9,9,3,-5.38745729223869E+0000, 0.00000000000000E+0000,,9,3,-5.37743581073828E+0000, 0.00000000000000E+0000,,
UHA-0459,9,UHA-0257,9,9,0, 1.04571950457969E+0001,UHA-0351,9,9,2,-2.25488329787483E+0000, 0.00000000000000E+0000,,9,2,-7.35921800273605E-0001, 0.00000000000000E+0000,,
UHA-0460,9,UHA-0257,9,9,2,-4.08828514722987E+0000,UHA-0260,9,9,1, 3.50629837918792E+0000, 3.50629837918792E+0000,+,9,2, 1.02847104065841E+0001, 1.02847104065841E+0001,*,
