Offspring ID,Loci typed,First parent non-exclusion probability,Second parent non-exclusion probability,Mother ID,Loci typed,Pair loci compared,Pair loci mismatching,Pair LOD score,Candidate father ID,Loci typed,Pair loci compared,Pair loci mismatching,Pair LOD score,Pair Delta,Pair confidence,Trio loci compared,Trio loci mismatching,Trio LOD score,Trio Delta,Trio confidence
UHA-0020,13, 4.33719355035108E-0006, 1.41303290865281E-0005,UHA-0261,13,13,4,-4.26993789423532E+0000,UHA-0260,13,13,0, 1.45476319549013E+0001, 1.26816491551480E+0001,*,13,5, 1.08917909532130E+0001, 1.08917909532130E+0001,*,
UHA-0021,13, 1.09714162558474E-0005, 5.10598430878941E-0005,UHA-0261,13,13,4,-3.77113259184328E+0000,UHA-0260,13,13,0, 1.19388331093063E+0001, 8.71005609609051E+0000,*,13,5, 9.83694512128977E+0000, 6.18280714344306E+0000,*,
UHA-0022,13, 2.99998150906557E-0005, 2.15021847045318E-0004,UHA-0261,13,13,3, 1.24490384862228E+0000,UHA-0257,13,13,2, 5.67787052328761E-0001, 0.00000000000000E+0000,,13,4, 2.93533966583412E+0000, 2.93533966583412E+0000,+,
UHA-0023,11, 1.59539293424107E-0003, 2.26274369966499E-0004,UHA-0261,13,11,2,-1.93932223088728E+0000,UHA-0260,13,11,0, 7.27802898809710E+0000, 2.53904586783149E+0000,+,11,3, 6.22978259755190E+0000, 1.51450035613075E+0000,+,
UHA-0024,13, 6.56727896265701E-0005, 2.42822190310978E-0004,UHA-0261,13,13,5,-6.97984792344851E+0000,UHA-0420,13,13,6,-8.03881183755702E+0000, 0.00000000000000E+0000,,13,7,-4.96363810531908E-0001, 0.00000000000000E+0000,,
UHA-0025,13, 2.40706229818185E-0005, 8.47735148556675E-0006,UHA-0261,13,13,2, 4.77275661218049E+0000,UHA-0258,12,12,4,-1.43304449523482E+0000, 0.00000000000000E+0000,,12,4, 3.23479935172548E+0000, 3.23479935172548E+0000,*,
UHA-0026,12, 5.65851733457460E-0004, 1.42505018710565E-0005,UHA-0261,13,12,1, 6.60173177684695E+0000,UHA-0351,13,12,2, 3.04182318011133E+0000, 0.00000000000000E+0000,,12,4, 1.19924123588781E+0000, 1.19924123588781E+0000,+,
UHA-0027,13, 9.93150398832035E-0005, 2.75718714679256E-0004,UHA-0261,13,13,3, 4.27812326272259E-0001,UHA-0257,13,13,2, 9.96827658359858E-0001, 3.95528662949772E-0001,-,13,3, 7.07110919739182E+0000, 7.07110919739182E+0000,*,
UHA-0028,13, 1.52931638737086E-0004, 3.69723778833169E-0005,UHA-0261,13,13,3,-1.23462850303693E+0000,UHA-0257,13,13,1, 3.32431668357332E+0000, 0.00000000000000E+0000,,13,6, 1.97479354581093E-0002, 1.97479354581093E-0002,-,
UHA-0029,13, 3.06538559983667E-0004, 5.02454799319000E-0006,UHA-0261,13,13,2,-2.51884532956975E-0001,UHA-0257,13,13,0, 6.26519741464646E+0000, 1.50854181315094E+0000,+,13,5, 2.11015770696287E+0000, 2.11015770696287E+0000,+,
UHA-0036,12, 1.68449658168830E-0004, 4.93299565161842E-0005,UHA-0261,13,12,2, 1.55135640570279E-0001,UHA-0257,13,12,1, 3.58048065130443E+0000, 0.00000000000000E+0000,,12,4, 2.99213337419722E+0000, 2.99213337419722E+0000,+,
UHA-0037,13, 1.58378397974876E-0004, 2.78285945095229E-0003,UHA-0261,13,13,4,-4.42181469071347E+0000,UHA-0257,13,13,1, 3.03038237602622E+0000, 1.33704990701539E+0000,-,13,4, 6.39201311254361E+0000, 6.39201311254361E+0000,*,
UHA-0038,13, 1.63140786848579E-0004, 7.43689137454808E-0006,UHA-0261,13,13,3,-1.03434451850105E+0000,UHA-0351,13,13,0, 1.25795187323213E+0001, 7.63910311699803E+0000,*,13,4, 1.13396870864982E+0001, 1.01878975422348E+0001,*,
UHA-0040,13, 1.33687591303573E-0003, 1.27138433979921E-0004,UHA-0261,13,13,2, 1.33179114149881E+0000,UHA-0351,13,13,1, 5.39330035262010E+0000, 0.00000000000000E+0000,,13,4, 4.07201565386475E+0000, 4.07201565386475E+0000,*,
UHA-0041,13, 6.55398057321635E-0005, 3.91100114805396E-0008,UHA-0261,13,13,1, 5.27240897461053E+0000,UHA-0260,13,13,0, 1.33547137059618E+0001, 1.33547137059618E+0001,*,13,2, 1.45945255552254E+0001, 1.45945255552254E+0001,*,
UHA-0043,12, 4.92681577796668E-0004, 1.79697669331487E-0004,UHA-0260,13,12,0, 9.51868672189755E+0000,UHA-0261,13,12,2, 1.03768402622141E-0001, 1.03768402622141E-0001,-,12,2, 3.08945953373975E-0001, 3.08945953373975E-0001,-,
UHA-0044,13, 3.17291160536490E-0006, 1.09976471127357E-0007,UHA-0260,13,13,0, 1.38946973073933E+0001,UHA-0512,12,12,2, 3.91071652115615E+0000, 3.91071652115615E+0000,*,12,4,-1.55599765503653E+0000, 0.00000000000000E+0000,,
UHA-0045,13, 2.29510111103475E-0004, 1.57843467611580E-0005,UHA-0260,13,13,2, 1.36658548674074E+0000,UHA-0351,13,13,2, 2.81835523026648E+0000, 7.35504408301059E-0001,-,13,5, 1.03086698806869E+0000, 1.03086698806869E+0000,+,
UHA-0046,13, 1.46889078600339E-0004, 7.19663525951735E-0006,UHA-0260,13,13,1, 6.63860484975238E+0000,UHA-0257,13,13,1, 3.97097467126330E+0000, 3.09127351856419E+0000,+,13,2, 6.68712403614867E+0000, 6.68712403614867E+0000,*,
UHA-0047,13, 1.32492692025637E-0003, 4.00992295281430E-0004,UHA-0260,13,13,1, 6.80648527029028E+0000,UHA-0351,13,13,2, 5.01127665372647E-0001, 0.00000000000000E+0000,,13,3, 1.20966624692397E+0000, 1.20966624692397E+0000,+,
UHA-0048,13, 3.04161045852674E-0004, 1.16947998266358E-0005,UHA-0260,13,13,1, 4.11770538330979E+0000,UHA-0257,13,13,1, 3.64990742937295E+0000, 3.64990742937295E+0000,*,13,2, 6.16064956288997E+0000, 6.16064956288997E+0000,*,
UHA-0049,13, 3.32150018423409E-0004, 4.54383538261818E-0006,UHA-0260,13,13,3,-1.65855062462318E+0000,UHA-0257,13,13,2,-9.47839499021200E-0001, 0.00000000000000E+0000,,13,5, 2.59116484845510E+0000, 2.59116484845510E+0000,+,
UHA-0050,13, 7.64633840106909E-0005, 7.98474443504917E-0007,UHA-0260,13,13,0, 1.02889090444683E+0001,UHA-0261,13,13,2, 8.04475372769740E+0000, 5.02889976569598E+0000,*,13,2, 7.79595870271396E+0000, 4.56676222938256E+0000,*,
UHA-0051,13, 1.39559252857065E-0006, 1.04902291363462E-0005,UHA-0260,13,13,4,-4.51195634597007E+0000,UHA-0258,12,12,5,-5.82056556425876E+0000, 0.00000000000000E+0000,,12,6, 1.10724236405408E+0000, 2.60785109896595E-0001,-,
UHA-0052,13, 9.73777089127681E-0005, 2.66475114401887E-0008,UHA-0260,13,13,1, 6.03527054114996E+0000,UHA-0259,12,12,1, 5.63645877137109E+0000, 4.95486840491112E+0000,*,12,4, 2.21937676950088E+0000, 2.21937676950088E+0000,+,
UHA-0053,13, 2.32836699248438E-0004, 6.69558460764821E-0005,UHA-0260,13,13,2, 2.65169081117789E+0000,UHA-0351,13,13,1, 8.50528213392682E+0000, 7.38841437110511E+0000,*,13,3, 9.02590220209331E+0000, 8.10805748052852E+0000,*,
UHA-0054,13, 2.47096328133548E-0004, 1.12066491222009E-0004,UHA-0260,13,13,2, 3.06595692646374E+0000,UHA-0351,13,13,2, 4.00680713750297E+0000, 3.19140297739023E+0000,+,13,4, 3.75836300347331E+0000, 3.02881504181765E+0000,*,
UHA-0055,13, 1.04386458735284E-0004, 9.34913146375871E-0006,UHA-0260,13,13,3,-1.43657980359881E+0000,UHA-0259,12,12,2, 2.37875136763493E+0000, 2.11531457865479E+0000,+,12,6,-1.28707049934247E+0000, 0.00000000000000E+0000,,
UHA-0056,12, 7.70967767985626E-0004, 1.36653766631709E-0004,UHA-0260,13,12,2, 2.55259194892952E-0001,UHA-0258,12,11,3,-9.50293069792767E-0002, 0.00000000000000E+0000,,11,3, 4.51182416816573E+0000, 4.46890287985836E+0000,*,
UHA-0058,12, 2.64111693828455E-0004, 1.06683910969258E-0005,UHA-0260,13,12,2, 2.76142327811358E+0000,UHA-0351,13,12,0, 1.22046314004011E+0001, 1.22046314004011E+0001,*,12,2, 1.38941492472162E+0001, 1.38941492472162E+0001,*,
UHA-0059,13, 6.28583805019958E-0005, 3.37069306003871E-0005,UHA-0260,13,13,3, 2.05927222766506E-0001,UHA-0257,13,13,1, 5.08882557598151E+0000, 1.84522714573017E+0000,+,13,4, 6.93339209978449E+0000, 5.82612686809538E+0000,*,
UHA-0068,12, 4.53990008054399E-0004, 1.62868805339252E-0005,UHA-0014,13,12,0, 7.83010694103632E+0000,UHA-0224,13,12,1, 5.65028862563796E+0000, 0.00000000000000E+0000,,12,1, 6.63292373102542E+0000, 6.37683603384609E-0003,-,
UHA-0069,13, 3.68070256018762E-0004, 1.00861489248801E-0006,UHA-0014,13,13,0, 7.14044544685784E+0000,UHA-0266,12,12,1, 7.24545388515652E+0000, 0.00000000000000E+0000,,12,1, 8.71545750116030E+0000, 7.08771691020752E+0000,*,
UHA-0070,13, 1.16174490466960E-0003, 1.97770507807878E-0004,UHA-0014,13,13,0, 1.08774774260697E+0001,UHA-0262,13,13,0, 1.18088297374119E+0001, 3.70293503931620E-0001,-,13,0, 1.21575539458126E+0001, 5.98417555458870E-0001,-,
UHA-0071,12, 2.84307178199678E-0004, 4.95279964369349E-0006,UHA-0014,13,12,0, 8.83463880077093E+0000,UHA-0266,12,12,1, 6.85068302724243E+0000, 1.86488256428639E+0000,+,12,1, 8.47706580136885E+0000, 7.75682571235325E+0000,*,
UHA-0072,13, 8.34410915615308E-0004, 8.65299393020582E-0006,UHA-0014,13,13,0, 7.43469623808942E+0000,UHA-0266,12,12,0, 9.46896938833778E+0000, 6.72688387779781E+0000,*,12,0, 1.25527592851385E+0001, 1.25527592851385E+0001,*,
UHA-0073,13, 9.10579348711841E-0005, 9.16583104422680E-0006,UHA-0014,13,13,0, 1.13555779559900E+0001,UHA-0267,13,13,0, 1.29913455251760E+0001, 2.26443116806229E+0000,+,13,1, 9.97698550076719E+0000, 4.29515624634129E+0000,*,
UHA-0074,13, 8.81091534296712E-0004, 1.41850953237797E-0007,UHA-0014,13,13,0, 4.82673161849842E+0000,UHA-0256,11,11,2, 2.22927922508416E+0000, 0.00000000000000E+0000,,11,3, 1.59083724120003E+0000, 1.59083724120003E+0000,+,
UHA-0075,12, 2.25086732950276E-0004, 1.05086498090009E-0005,UHA-0014,13,12,0, 9.03421380576800E+0000,UHA-0351,13,12,1, 5.48479374812109E+0000, 0.00000000000000E+0000,,12,1, 8.22767121628144E+0000, 8.22767121628144E+0000,*,
UHA-0076,13, 2.10988540898436E-0004, 4.37775746776113E-0006,UHA-0014,13,13,0, 9.33954766647970E+0000,UHA-0266,12,12,0, 1.02867463934441E+0001, 7.42438032257809E-0001,-,12,0, 1.22725308206337E+0001, 1.16971967998484E+0001,*,
UHA-0077,13, 6.06553649043352E-0004, 4.26992605399092E-0005,UHA-0014,13,13,0, 1.01064353244085E+0001,UHA-0224,13,13,2, 7.82457051154505E-0001, 0.00000000000000E+0000,,13,2, 3.74535800424993E+0000, 1.15914116845880E+0000,+,
UHA-0079,13, 6.55860032201777E-0006, 6.55860032201777E-0006,UHA-0014,13,13,0, 1.31426267921568E+0001,UHA-0267,13,13,0, 1.33473874868634E+0001, 1.26430097731217E+0000,-,13,0, 1.36905238014181E+0001, 6.93344628923610E-0001,-,
UHA-0080,12, 6.05757040105797E-0005, 2.18460680318415E-0007,UHA-0014,13,12,0, 8.31843102305144E+0000,UHA-0265,13,12,0, 1.23231481951780E+0001, 3.35858204474396E+0000,+,12,1, 1.36162958364354E+0001, 1.10903677552143E+0001,*,
UHA-0081,12, 8.45441852914230E-0004, 3.57510682207199E-0004,UHA-0014,13,12,0, 1.17865343428297E+0001,UHA-0013,13,12,0, 9.30932749412443E+0000, 0.00000000000000E+0000,,12,0, 1.00670987051166E+0001, 1.33970138573343E+0000,+,
UHA-0088,13, 1.40969926873117E-0004, 1.71533601580317E-0005,UHA-0014,13,13,0, 8.78110516849947E+0000,UHA-0262,13,13,0, 9.26470851082131E+0000, 5.35698931766003E+0000,*,13,2, 4.80252837359294E+0000, 1.91549952806848E+0000,+,
UHA-0089,13, 1.59332259012315E-0005, 3.38953404476171E-0007,UHA-0014,13,13,0, 1.05357608556651E+0001,UHA-0266,12,12,1, 7.04028910781124E+0000, 0.00000000000000E+0000,,12,1, 9.62139636648130E+0000, 7.60315391003463E+0000,*,
UHA-0090,13, 7.72475104215354E-0005, 1.89310323889140E-0007,UHA-0014,13,13,0, 8.22677084779391E+0000,UHA-0266,12,12,0, 1.19283931542839E+0001, 2.38390550909985E+0000,+,12,0, 1.51362598376661E+0001, 1.51362598376661E+0001,*,
UHA-0091,13, 1.37529860370710E-0004, 2.04063968038615E-0006,UHA-0014,13,13,0, 7.94192900922094E+0000,UHA-0266,12,12,1, 6.57167726052380E+0000, 5.89885981813561E-0001,-,12,1, 8.69372425974401E+0000, 8.69372425974401E+0000,*,
UHA-0093,11, 6.17656152061406E-0004, 1.09439526088649E-0004,UHA-0015,13,11,1, 4.82328122523271E+0000,UHA-0265,13,11,0, 9.14786390292434E+0000, 1.56724590315119E+0000,+,11,1, 1.00880045594636E+0001, 4.68496824656384E+0000,*,
UHA-0094,13, 7.55248487626465E-0005, 1.52517726209226E-0006,UHA-0015,13,13,1, 8.40660208624603E+0000,UHA-0266,12,12,1, 6.21508754535386E+0000, 1.06173251412583E+0000,-,12,2, 8.89206633735492E+0000, 8.89206633735492E+0000,*,
UHA-0095,13, 6.86431408274899E-0005, 1.11262794137444E-0006,UHA-0015,13,13,1, 6.41534985457773E+0000,UHA-0266,12,12,0, 1.03666940856074E+0001, 6.87530939509985E-0001,-,12,1, 1.34365145169173E+0001, 1.34365145169173E+0001,*,
UHA-0096,10, 4.70342952380816E-0003, 9.66536839568600E-0005,UHA-0015,13,10,1, 1.28613312113953E+0000,UHA-0266,12,10,0, 6.95763301043309E+0000, 1.67482789478625E+0000,+,10,1, 8.92937304851934E+0000, 7.69075766410833E+0000,*,
UHA-0097,12, 1.19660486729698E-0004, 7.04690264606590E-0005,UHA-0015,13,12,2, 3.94521076699611E+0000,UHA-0266,12,11,0, 9.22914176649363E+0000, 9.37144473641844E-0001,-,11,2, 1.06942822125971E+0001, 6.71357297282856E+0000,*,
UHA-0098,13, 1.15102524976273E-0003, 6.42372013637606E-0007,UHA-0257,13,13,1, 2.41515896533257E+0000,UHA-0260,13,13,1, 5.11422772080739E+0000, 4.64727551680426E+0000,*,13,2, 9.59208347042150E+0000, 9.37663573314843E+0000,*,
UHA-0099,13, 1.21458466728992E-0004, 1.33956060769629E-0006,UHA-0257,13,13,0, 8.53928371286369E+0000,UHA-0258,12,12,3, 1.43846134027541E+0000, 1.43846134027541E+0000,+,12,3, 1.49186307429034E+0000, 1.49186307429034E+0000,+,
UHA-0100,13, 4.57078450394427E-0005, 8.42653557506680E-0008,UHA-0257,13,13,0, 8.79951450481243E+0000,UHA-0256,11,11,3,-6.30059344500362E-0001, 0.00000000000000E+0000,,11,3, 6.72912828121411E-0001, 6.72912828121411E-0001,-,
UHA-0101,11, 6.83094243019498E-0004, 1.16344718280272E-0004,UHA-0257,13,11,2, 3.23608714171014E-0001,UHA-0260,13,11,2, 2.24294905858023E-0002, 2.24294905858023E-0002,-,11,3, 4.38158824064804E+0000, 2.89848080769564E+0000,+,
UHA-0102,13, 9.07564579308226E-0005, 6.55458415154312E-0007,UHA-0257,13,13,1, 4.18247694585380E+0000,UHA-0351,13,13,1, 9.27009244944773E+0000, 8.37021366054302E+0000,*,13,3, 8.20039919897405E+0000, 7.84746143594364E+0000,*,
UHA-0103,13, 5.48387936307508E-0004, 8.00676294954740E-0007,UHA-0257,13,13,3,-3.73547415561720E+0000,UHA-0260,13,13,2,-1.42607292247624E-0002, 0.00000000000000E+0000,,13,5, 2.74705436783312E+0000, 2.74705436783312E+0000,+,
UHA-0105,13, 4.91063179751465E-0005, 3.48837352805762E-0007,UHA-0257,13,13,0, 1.06153165918314E+0001,UHA-0268,13,13,3, 2.21946823939199E+0000, 1.99794304825620E+0000,+,13,4,-1.53582436292523E+0000, 0.00000000000000E+0000,,
UHA-0106,13, 2.42817392642676E-0004, 5.43759019593454E-0005,UHA-0257,13,13,2, 1.42589297889811E+0000,UHA-0260,13,13,1, 3.50952138667579E+0000, 1.81963117347001E+0000,+,13,3, 5.30064082946065E+0000, 4.85513775685294E+0000,*,
UHA-0109,13, 1.44941440382015E-0004, 1.83695033392828E-0007,UHA-0257,13,13,1, 3.78545575729949E+0000,UHA-0261,13,13,2, 2.41635843555247E+0000, 0.00000000000000E+0000,,13,4, 2.77433381028845E+0000, 2.77433381028845E+0000,+,
UHA-0110,13, 5.51889081563789E-0005, 2.75092032490266E-0006,UHA-0257,13,13,0, 1.03258395934849E+0001,UHA-0256,11,11,3,-2.24373867682293E+0000, 0.00000000000000E+0000,,11,3,-1.99625668430546E+0000, 0.00000000000000E+0000,,
UHA-0111,13, 7.28889519259344E-0005, 2.37187792757497E-0006,UHA-0257,13,13,0, 1.11685824878985E+0001,UHA-0351,13,13,2, 1.82975046087717E+0000, 0.00000000000000E+0000,,13,2, 4.90880797196585E+0000, 4.72074018843086E+0000,*,
UHA-0112,12, 4.77982676800460E-0005, 6.38249933674922E-0003,UHA-0257,13,12,5,-8.68984845122536E+0000,UHA-0265,13,12,0, 1.29667775621195E+0001, 3.40130022687368E+0000,+,12,5, 1.10303151189104E+0001, 4.01128816233151E+0000,*,
UHA-0113,13, 2.25727445604652E-0004, 3.19418103049272E-0005,UHA-0257,13,13,1, 5.18442144012933E+0000,UHA-0260,13,13,2, 9.99715984385684E-0001, 0.00000000000000E+0000,,13,2, 4.82319462909730E+0000, 1.98650446149114E+0000,+,
UHA-0114,13, 5.68178426924937E-0005, 2.19110943586495E-0007,UHA-0257,13,13,2, 9.10969774556845E-0001,UHA-0260,13,13,3, 1.59382072456759E-0002, 1.59382072456759E-0002,-,13,5, 2.15968987129147E+0000, 2.15968987129147E+0000,+,
UHA-0115,13, 2.84049488138073E-0004, 1.93951295501585E-0005,UHA-0351,13,13,1, 5.82775496839490E+0000,UHA-0303,13,13,4,-4.37272911343390E+0000, 0.00000000000000E+0000,,13,4,-9.42284472974511E-0001, 0.00000000000000E+0000,,
UHA-0116,13, 4.96130242620577E-0005, 6.88579142444902E-0006,UHA-0351,13,13,2, 2.50658590020070E+0000,UHA-0260,13,13,1, 7.14754062072034E+0000, 7.08614984984583E+0000,*,13,3, 8.93351634460943E+0000, 8.04680382909858E+0000,*,
UHA-0118,13, 1.07518879869974E-0004, 1.89198244289325E-0006,UHA-0351,13,13,1, 7.56003536625254E+0000,UHA-0260,13,13,1, 5.92972433645533E+0000, 0.00000000000000E+0000,,13,2, 8.01669749961716E+0000, 1.73508791769959E+0000,+,
UHA-0119,13, 3.42023858286069E-0004, 1.84387855539518E-0005,UHA-0351,13,13,1, 6.98967478279404E+0000,UHA-0257,13,13,2, 3.62450844109511E+0000, 2.73399931829634E+0000,+,13,3, 3.47100968808511E+0000, 3.47100968808511E+0000,*,
UHA-0120,13, 1.61125109741568E-0005, 6.31648087804966E-0007,UHA-0351,13,13,1, 8.37633753668931E+0000,UHA-0257,13,13,2, 2.31742031720065E+0000, 1.70346770985349E+0000,+,13,4, 8.68418881287957E-0001, 8.68418881287957E-0001,+,
UHA-0121,13, 2.24755403239990E-0005, 4.26870596101453E-0006,UHA-0351,13,13,1, 1.01614888016980E+0001,UHA-0257,13,13,2, 1.86767305988177E+0000, 3.25415687262759E-0001,-,13,3, 2.92478262387065E+0000, 2.92478262387065E+0000,+,
UHA-0122,13, 2.86770647179359E-0004, 3.85165629564307E-0005,UHA-0351,13,13,1, 9.91373147279722E+0000,UHA-0257,13,13,2, 1.93363836022495E+0000, 0.00000000000000E+0000,,13,3, 2.63937960962741E+0000, 2.63937960962741E+0000,+,
UHA-0123,13, 6.20603290268260E-0005, 9.33156620775359E-0005,UHA-0010,12,12,1, 4.83443288912100E+0000,UHA-0258,12,12,2, 4.47580900721534E+0000, 0.00000000000000E+0000,,12,2, 6.64507192667147E+0000, 5.88602571156465E+0000,*,
UHA-0124,12, 2.69106216917836E-0003, 1.97903793561737E-0004,UHA-0010,12,11,0, 5.56702676762912E+0000,UHA-0258,12,11,1, 4.37775037443033E+0000, 2.76075088665236E-0001,-,11,1, 5.68757074613383E+0000, 4.00559793133325E+0000,*,
UHA-0125,13, 1.71690600120585E-0004, 1.60268114685988E-0005,UHA-0010,12,12,1, 4.27923613511199E+0000,UHA-0016,11,11,3,-4.38499908634712E+0000, 0.00000000000000E+0000,,11,4,-3.20169094069802E+0000, 0.00000000000000E+0000,,
UHA-0126,13, 5.47336948496795E-0005, 5.36214946966831E-0006,UHA-0010,12,12,1, 4.86899549479939E+0000,UHA-0266,12,12,2, 1.70880849915790E+0000, 0.00000000000000E+0000,,12,2, 5.02353846655973E+0000, 1.59121292203887E+0000,+,
UHA-0127,11, 2.15570126916178E-0004, 1.60179868802737E-0004,UHA-0010,12,10,1, 3.39444071833774E+0000,UHA-0259,12,10,1, 4.40118289255629E+0000, 2.28952634594392E+0000,+,10,3, 2.19948477046851E+0000, 8.04600057016405E-0002,-,
UHA-0128,13, 1.77504524462017E-0004, 4.59766349423969E-0005,UHA-0010,12,12,2,-1.13532895360826E+0000,UHA-0258,12,12,3, 1.08878720536412E+0000, 0.00000000000000E+0000,,12,3, 6.19821940280724E+0000, 6.19821940280724E+0000,*,
UHA-0129,12, 2.69926936088081E-0003, 3.97984395822902E-0005,UHA-0010,12,11,0, 6.45010961591842E+0000,UHA-0258,12,11,2, 3.00145198354555E+0000, 0.00000000000000E+0000,,11,2, 3.59193958635890E+0000, 3.43701124095995E+0000,*,
UHA-0130,13, 1.78931509098144E-0004, 2.51715500043301E-0004,UHA-0010,12,12,1, 5.98698667974554E+0000,UHA-0258,12,12,3, 2.92728743478576E-0001, 0.00000000000000E+0000,,12,3, 1.71170289020381E+0000, 1.66785563322280E-0001,-,
UHA-0131,13, 8.61934833778555E-0005, 3.98888362243349E-0006,UHA-0010,12,12,1, 4.03552171274424E+0000,UHA-0263,13,13,0, 9.03258200442296E+0000, 4.19069746840826E+0000,*,13,5,-1.14393230814824E+0000, 0.00000000000000E+0000,,
UHA-0132,13, 1.24600519280280E-0005, 1.11774274761204E-0006,UHA-0010,12,12,1, 4.22999793143491E+0000,UHA-0263,13,13,1, 7.54289966675006E+0000, 4.91931057482032E+0000,*,13,4, 3.06569051279529E+0000, 3.06569051279529E+0000,*,
UHA-0133,13, 1.66863561782711E-0003, 3.34290439234443E-0004,UHA-0010,12,12,0, 8.86403524634985E+0000,UHA-0011,13,13,1, 2.82151376605905E+0000, 0.00000000000000E+0000,,13,1, 5.44680758592221E+0000, 1.96234481679995E+0000,+,
UHA-0134,12, 8.34816539919878E-0005, 1.16202478370301E-0005,UHA-0010,12,11,1, 5.22480126874015E+0000,UHA-0258,12,12,2, 3.11070803561779E+0000, 0.00000000000000E+0000,,12,2, 5.93580771397000E+0000, 3.26462288806899E+0000,*,
UHA-0135,13, 9.06063311166054E-0004, 7.06892323934300E-0005,UHA-0010,12,12,1, 4.21974541378550E+0000,UHA-0257,13,13,1, 4.21879018409940E+0000, 4.21879018409940E+0000,*,13,3, 3.14388062207312E+0000, 3.14388062207312E+0000,*,
UHA-0136,13, 3.20032673693790E-0004, 3.97984395822902E-0005,UHA-0010,12,12,1, 4.12220671494009E+0000,UHA-0258,12,12,3, 6.73549082567214E-0001, 0.00000000000000E+0000,,12,3, 2.97051658659740E+0000, 2.44120835423957E+0000,+,
UHA-0137,12, 7.07669015102442E-0004, 3.08817785232582E-0004,UHA-0010,12,12,1, 4.36402468646589E+0000,UHA-0015,13,12,1, 6.51363270780918E+0000, 0.00000000000000E+0000,,12,2, 4.46230653562113E+0000, 7.13813768305534E-0001,-,
UHA-0138,13, 3.33309802522128E-0005, 7.02960180521511E-0012,UHA-0010,12,12,0, 5.82227053028920E+0000,UHA-0293,12,12,3, 1.79965139055751E+0000, 2.65197059879351E-0001,-,12,3, 4.28788919997451E+0000, 4.28788919997451E+0000,*,
UHA-0139,13, 7.88589839132946E-0005, 7.26873931854953E-0006,UHA-0010,12,12,0, 9.35585795221715E+0000,UHA-0260,13,13,1, 6.25299813200745E+0000, 6.25299813200745E+0000,*,13,1, 7.56999156370468E+0000, 7.56999156370468E+0000,*,
UHA-0140,13, 3.32314683512369E-0005, 3.15520484499553E-0006,UHA-0010,12,12,1, 5.31561201373132E+0000,UHA-0266,12,12,4,-3.50496936792237E+0000, 0.00000000000000E+0000,,12,4,-1.90917531582105E+0000, 0.00000000000000E+0000,,
UHA-0141,13, 5.34547085466059E-0004, 1.46106229357630E-0006,UHA-0010,12,12,0, 7.10523967640314E+0000,UHA-0257,13,13,0, 6.36884561072955E+0000, 3.98561098331043E+0000,*,13,2, 5.55915815656228E+0000, 5.55915815656228E+0000,*,
UHA-0142,13, 7.86920310095558E-0005, 9.26248614748308E-0008,UHA-0010,12,12,0, 7.47591969631062E+0000,UHA-0210,12,12,4,-2.74487038966559E+0000, 0.00000000000000E+0000,,12,4,-1.21831433128851E+0000, 0.00000000000000E+0000,,
UHA-0143,13, 1.56181081066265E-0004, 3.75188055959613E-0005,UHA-0010,12,12,1, 4.68596491739128E+0000,UHA-0258,12,12,3, 3.09474364056498E-0001, 0.00000000000000E+0000,,12,3, 3.00665440852594E+0000, 3.00665440852594E+0000,*,
UHA-0144,13, 1.13507382503037E-0004, 1.81680507015788E-0006,UHA-0010,12,12,0, 8.86695858673879E+0000,UHA-0265,13,13,1, 8.51162307022340E+0000, 3.38612065053875E+0000,+,13,3, 3.95075650056207E+0000, 1.05576105903904E+0000,+,
UHA-0146,13, 3.77176058989261E-0005, 1.23719410119167E-0006,UHA-0010,12,12,0, 9.83619528790048E+0000,UHA-0260,13,13,3, 1.52079210385003E-0001, 1.52079210385003E-0001,-,13,4,-3.42515226052087E+0000, 0.00000000000000E+0000,,
UHA-0147,12, 1.08372819569548E-0004, 5.57011609189908E-0007,UHA-0010,12,11,0, 7.91645997029029E+0000,UHA-0259,12,11,0, 7.60488488633483E+0000, 7.60488488633483E+0000,*,11,3, 1.92380762275263E+0000, 1.12731332660087E+0000,+,
UHA-0148,13, 1.73980132055519E-0005, 4.44012552031620E-0007,UHA-0012,13,13,1, 7.97729760187511E+0000,UHA-0476,13,13,0, 1.32771697581491E+0001, 1.32771697581491E+0001,*,13,1, 1.53031215949350E+0001, 1.53031215949350E+0001,*,
UHA-0150,13, 1.42107657242599E-0004, 9.33051212710705E-0007,UHA-0012,13,13,0, 1.01326515107794E+0001,UHA-0266,12,12,0, 1.13037836778691E+0001, 1.13037836778691E+0001,*,12,0, 1.43500115270433E+0001, 1.43500115270433E+0001,*,
UHA-0151,13, 1.72634166757970E-0004, 2.93049780678085E-0005,UHA-0012,13,13,0, 1.33235138982964E+0001,UHA-0351,13,13,1, 4.31676196215452E+0000, 4.31676196215452E+0000,*,13,1, 6.98935352683607E+0000, 6.98935352683607E+0000,*,
UHA-0152,13, 3.22799303714132E-0004, 1.05631953489564E-0006,UHA-0012,13,13,0, 9.25598245818003E+0000,UHA-0260,13,13,2, 4.64659908824033E+0000, 0.00000000000000E+0000,,13,3, 3.30938458818505E+0000, 3.30938458818505E+0000,*,
UHA-0153,13, 3.31968776968430E-0005, 1.94317339121353E-0007,UHA-0012,13,13,0, 1.27086775150663E+0001,UHA-0259,12,12,2,-2.62227988836861E-0001, 0.00000000000000E+0000,,12,3,-9.12683062521741E-0001, 0.00000000000000E+0000,,
UHA-0154,13, 7.17663537624283E-0005, 2.76300313035315E-0005,UHA-0012,13,13,1, 5.57293914611294E+0000,UHA-0257,13,13,2, 1.31880574650786E+0000, 0.00000000000000E+0000,,13,2, 5.66629438281475E+0000, 5.66629438281475E+0000,*,
UHA-0155,13, 2.30148960722841E-0004, 5.12894888601859E-0007,UHA-0012,13,13,0, 1.02690100176803E+0001,UHA-0257,13,13,3,-8.38562543680921E-0001, 0.00000000000000E+0000,,13,3, 5.36783650753151E-0001, 5.36783650753151E-0001,-,
UHA-0156,13, 4.83445124750653E-0005, 1.15769639767983E-0010,UHA-0012,13,13,1, 4.90682814671809E+0000,UHA-0263,13,13,1, 2.65142081984800E+0000, 7.38926519957825E-0001,-,13,6,-8.06878907639682E+0000, 0.00000000000000E+0000,,
UHA-0157,13, 1.45466623989954E-0004, 1.62707708147519E-0006,UHA-0012,13,13,0, 1.06161022774865E+0001,UHA-0257,13,13,1, 5.46786321592740E+0000, 3.19246619210335E+0000,+,13,1, 8.99256298659127E+0000, 8.99256298659127E+0000,*,
UHA-0158,13, 1.48908211067950E-0004, 1.05065158586709E-0007,UHA-0012,13,13,0, 8.06880877777591E+0000,UHA-0267,13,13,3,-4.97802533027283E-0001, 0.00000000000000E+0000,,13,4,-1.71593958623904E+0000, 0.00000000000000E+0000,,
UHA-0159,13, 3.47406931868145E-0004, 2.86943399666071E-0005,UHA-0012,13,13,1, 4.92967387416933E+0000,UHA-0260,13,13,1, 4.43646799892918E+0000, 1.41368102209002E+0000,+,13,2, 6.19005668434365E+0000, 2.68821329916962E+0000,+,
UHA-0160,13, 1.63482990880343E-0004, 1.64519844532906E-0007,UHA-0012,13,13,0, 1.13811563079101E+0001,UHA-0256,11,11,2, 9.25169666016736E-0001, 4.90821605565869E-0001,-,11,4,-1.54002086831624E+0000, 0.00000000000000E+0000,,
UHA-0161,13, 2.97831180465100E-0004, 2.24892108166024E-0006,UHA-0012,13,13,0, 1.05908298473215E+0001,UHA-0011,13,13,2, 2.61604657519755E+0000, 0.00000000000000E+0000,,13,3, 2.23918441722166E+0000, 4.46460000563995E-0002,-,
UHA-0162,12, 1.11248002154289E-0003, 1.97390385766401E-0007,UHA-0012,13,12,0, 6.79589548746495E+0000,UHA-0177,12,12,0, 1.28241527331163E+0001, 1.17219782342598E+0001,*,12,0, 1.80183438174186E+0001, 1.67736124911310E+0001,*,
UHA-0163,13, 2.87583966689070E-0004, 3.08843545641929E-0006,UHA-0012,13,13,0, 1.19912095718338E+0001,UHA-0257,13,13,1, 4.15134825149660E+0000, 4.15134825149660E+0000,*,13,1, 7.81685107502434E+0000, 7.81685107502434E+0000,*,
UHA-0164,11, 7.86291329325360E-0004, 9.83687562788928E-0005,UHA-0016,11,9,0, 8.82194212450398E+0000,UHA-0264,13,11,0, 1.22001806885537E+0001, 5.48312238679291E-0001,-,11,1, 7.56563901028936E+0000, 1.17273321724828E+0000,+,
UHA-0165,13, 1.00109239454824E-0004, 6.51484577621036E-0005,UHA-0016,11,11,1, 4.50896827413669E+0000,UHA-0266,12,12,1, 5.61569967343185E+0000, 0.00000000000000E+0000,,12,2, 5.61904692438905E+0000, 1.44794169523944E+0000,+,
UHA-0166,13, 5.45640490886728E-0006, 1.11193847373374E-0008,UHA-0013,13,13,1, 7.26543095616903E+0000,UHA-0263,13,13,2, 4.69123344628388E+0000, 2.01536299709521E+0000,+,13,5,-1.21695915226179E+0000, 0.00000000000000E+0000,,
UHA-0167,12, 4.50317618502585E-0004, 1.59207776607093E-0006,UHA-0013,13,12,1, 4.59849857662828E+0000,UHA-0260,13,12,2, 2.24139381439437E+0000, 0.00000000000000E+0000,,12,3, 3.84624191438990E+0000, 3.84624191438990E+0000,*,
UHA-0169,13, 7.89849843370159E-0004, 6.15139585874030E-0009,UHA-0013,13,13,0, 6.25751419315347E+0000,UHA-0269,13,13,0, 1.39785936050513E+0001, 7.71892809456301E+0000,*,13,0, 1.86170539562440E+0001, 1.86170539562440E+0001,*,
UHA-0298,13, 6.14620991887071E-0004, 1.01431648612753E-0003,UHA-0351,13,13,1, 1.13842354291157E+0001,UHA-0264,13,13,2,-1.90684448711152E+0000, 0.00000000000000E+0000,,13,3,-6.79082866767725E-0001, 0.00000000000000E+0000,,
UHA-0426,13, 6.01508584823822E-0004, 2.61712409889039E-0006,UHA-0009,13,13,0, 9.41766571377193E+0000,UHA-0258,12,12,2, 1.59024056054075E+0000, 0.00000000000000E+0000,,12,2, 3.08053105148615E+0000, 3.08053105148615E+0000,*,
UHA-0427,13, 1.00815457924060E-0004, 4.51624204279759E-0007,UHA-0015,13,13,1, 7.08331824448925E+0000,UHA-0259,12,12,2,-3.79890933326746E-0001, 0.00000000000000E+0000,,12,3, 6.50744045295199E-0001, 6.50744045295199E-0001,-,
UHA-0428,13, 3.35089485824292E-0005, 4.28524848728434E-0007,UHA-0015,13,13,1, 7.34874876317715E+0000,UHA-0266,12,12,2, 3.70975987621831E+0000, 0.00000000000000E+0000,,12,3, 5.16061137360622E+0000, 5.16061137360622E+0000,*,
UHA-0429,13, 7.97272368541721E-0005, 3.54953104211666E-0006,UHA-0012,13,13,0, 1.35810565399873E+0001,UHA-0257,13,13,2, 1.05399281116936E-0001, 0.00000000000000E+0000,,13,2, 2.13228960056792E+0000, 2.13228960056792E+0000,+,
UHA-0430,13, 8.97180761999204E-0005, 5.96201306385174E-0007,UHA-0012,13,13,0, 1.03086520126664E+0001,UHA-0259,12,12,2,-2.62227988836861E-0001, 0.00000000000000E+0000,,12,3,-8.60520500529226E-0001, 0.00000000000000E+0000,,
UHA-0431,13, 2.73639740944268E-0005, 1.53483170292938E-0007,UHA-0012,13,13,0, 1.50684429027852E+0001,UHA-0512,12,12,1, 4.77383631876330E+0000, 4.51009461022949E+0000,*,12,3, 8.84701907579581E-0001, 8.84701907579581E-0001,+,
UHA-0432,12, 1.94684693072781E-0004, 7.99652357816946E-0007,UHA-0012,13,12,0, 7.92468205870546E+0000,UHA-0303,13,12,2, 3.89540311060043E+0000, 3.30101314302775E+0000,+,12,4, 5.86420095464822E-0001, 5.86420095464822E-0001,-,
UHA-0433,13, 8.38227056654389E-0004, 3.62809997507521E-0006,UHA-0012,13,13,0, 7.36081648789269E+0000,UHA-0257,13,13,1, 5.15423218638262E+0000, 9.12442552724626E-0001,-,13,1, 8.44446399758474E+0000, 8.44446399758474E+0000,*,
UHA-0434,13, 5.43152142567228E-0005, 4.06575673478494E-0009,UHA-0012,13,13,1, 6.94990369589735E+0000,UHA-0016,11,11,1, 5.23242623975989E+0000, 0.00000000000000E+0000,,11,5,-1.66205014313394E+0000, 0.00000000000000E+0000,,
UHA-0435,13, 1.04438799485905E-0005, 1.64121894968499E-0007,UHA-0010,12,12,1, 3.74570050643776E+0000,UHA-0258,12,12,3, 3.01567367638706E+0000, 7.90195699312719E-0001,-,12,5,-3.95824573755863E-0001, 0.00000000000000E+0000,,
UHA-0436,13, 1.88926802563704E-0004, 3.71334814532810E-0006,UHA-0010,12,12,0, 1.03696007231981E+0001,UHA-0259,12,12,2, 1.18951211376819E+0000, 0.00000000000000E+0000,,12,3, 4.64241593834599E-0001, 4.64241593834599E-0001,-,
UHA-0437,13, 2.39422767419047E-0004, 1.71306829509598E-0004,UHA-0010,12,12,1, 4.96716037335038E+0000,UHA-0258,12,12,2, 2.97533291473035E+0000, 0.00000000000000E+0000,,12,2, 5.65390054506465E+0000, 2.22974620281803E+0000,+,
UHA-0438,13, 4.29616460363103E-0005, 7.64893044600821E-0006,UHA-0010,12,12,1, 3.84566455508054E+0000,UHA-0331,10,10,3,-2.52996395993488E+0000, 0.00000000000000E+0000,,10,3, 7.86864758947909E-0001, 5.85539535627797E-0001,-,
UHA-0439,13, 3.74150616037806E-0005, 1.77558119108853E-0005,UHA-0010,12,12,1, 5.59401120077082E+0000,UHA-0260,13,13,1, 6.73434000682066E+0000, 5.22377706787190E+0000,*,13,2, 6.21374863702982E+0000, 4.68615954680931E+0000,*,
UHA-0440,13, 4.24263409466229E-0004, 1.79520796646626E-0008,UHA-0260,13,13,1, 2.04344525743437E+0000,UHA-0351,13,13,1, 9.25910619709457E+0000, 5.41269600749903E+0000,*,13,3, 1.05762717173358E+0001, 1.05762717173358E+0001,*,
UHA-0441,13, 1.84127064283467E-0004, 7.95125879749854E-0006,UHA-0260,13,13,0, 1.02812029499731E+0001,UHA-0261,13,13,1, 8.03459090985371E+0000, 3.11948373966499E+0000,+,13,1, 9.11058388208230E+0000, 3.53679688109222E+0000,*,
UHA-0442,13, 1.62486227885903E-0004, 1.05250752589661E-0005,UHA-0260,13,13,0, 1.21961165627846E+0001,UHA-0261,13,13,2, 2.23682555811846E+0000, 0.00000000000000E+0000,,13,2, 2.70236771358235E+0000, 6.78163903131372E-0001,-,
UHA-0443,13, 7.89756604324481E-0004, 6.79329946550153E-0006,UHA-0260,13,13,2,-1.55157294081030E-0001,UHA-0257,13,13,2, 9.16082617969638E-0001, 9.16082617969638E-0001,-,13,3, 6.18816609572261E+0000, 6.18816609572261E+0000,*,
UHA-0444,13, 4.14273234269825E-0004, 1.86567990359621E-0006,UHA-0260,13,13,3,-4.86674467052997E+0000,UHA-0257,13,13,2, 3.91542393993396E-0001, 4.55486133132478E-0002,-,13,5, 3.51645375850717E+0000, 2.34954353964116E+0000,+,
UHA-0445,13, 1.65652824790608E-0004, 1.04359160934742E-0004,UHA-0260,13,13,2, 8.81684928469067E-0001,UHA-0257,13,13,1, 5.61245918312666E+0000, 5.19056930799289E+0000,*,13,2, 9.03657108906368E+0000, 6.92464976520830E+0000,*,
UHA-0446,13, 1.94698270107497E-0004, 1.07317250451862E-0004,UHA-0260,13,13,2, 4.28703889689583E+0000,UHA-0263,13,13,2, 1.22825937427390E+0000, 0.00000000000000E+0000,,13,3, 4.73139025691731E+0000, 1.54651928727812E+0000,+,
UHA-0447,13, 6.81349763453454E-0004, 2.11906106858744E-0005,UHA-0260,13,13,2, 8.77105822772791E-0001,UHA-0512,12,12,3, 2.74601584024302E+0000, 2.32844504687796E+0000,+,12,3, 5.00301012643629E+0000, 2.56980344665168E+0000,+,
UHA-0448,13, 7.84983604082468E-0004, 2.89147598546905E-0006,UHA-0260,13,13,1, 4.29798950790888E+0000,UHA-0257,13,13,2, 1.34798910452301E-0001, 1.34798910452301E-0001,-,13,3, 3.80458747634728E+0000, 3.80458747634728E+0000,*,
UHA-0449,13, 1.01701899603962E-0004, 1.73807887868842E-0004,UHA-0260,13,13,3, 5.85989615404663E-0001,UHA-0257,13,13,1, 5.37396919460886E+0000, 5.37396919460886E+0000,*,13,3, 9.12946990379240E+0000, 8.53985546428970E+0000,*,
UHA-0450,13, 4.00838220043669E-0004, 8.63374032979806E-0007,UHA-0260,13,13,1, 2.69723841143073E+0000,UHA-0268,13,13,3, 3.19319841634759E-0001, 3.19319841634759E-0001,-,13,4, 1.69590223938173E+0000, 1.31863314942735E+0000,+,
UHA-0451,13, 5.60629830289206E-0004, 2.48603772501882E-0006,UHA-0260,13,13,3,-5.23576437141575E+0000,UHA-0257,13,13,2, 1.02424005624897E-0001, 1.02424005624897E-0001,-,13,5, 3.21252511529885E+0000, 3.21252511529885E+0000,*,
UHA-0452,13, 4.94463086415134E-0005, 2.03549118353784E-0005,UHA-0260,13,13,4,-5.89706109860511E+0000,UHA-0257,13,13,1, 5.21691300831125E+0000, 5.21691300831125E+0000,*,13,6, 3.83371497860174E+0000, 3.83371497860174E+0000,*,
UHA-0453,13, 9.50934101655976E-0004, 6.41600598671891E-0006,UHA-0260,13,13,2,-1.99794774718901E+0000,UHA-0268,13,13,3, 3.19319841634759E-0001, 0.00000000000000E+0000,,13,4, 3.54503409151006E+0000, 1.52877991301120E-0001,-,
UHA-0454,13, 1.67132523467816E-0004, 3.62268069216147E-0005,UHA-0257,13,13,1, 5.25608451413406E+0000,UHA-0260,13,13,2, 1.42694311380637E+0000, 0.00000000000000E+0000,,13,2, 5.43988859103320E+0000, 5.43988859103320E+0000,*,
UHA-0455,13, 8.64202232276909E-0005, 1.09093809500018E-0006,UHA-0257,13,13,1, 4.68662687418824E+0000,UHA-0260,13,13,2, 1.90595684970002E+0000, 1.90595684970002E+0000,+,13,3, 4.63182264155126E+0000, 4.63182264155126E+0000,*,
UHA-0456,13, 8.08226025224548E-0004, 4.54293322161968E-0005,UHA-0257,13,13,2, 4.73099905201865E-0001,UHA-0260,13,13,2,-9.15506685311371E-0001, 0.00000000000000E+0000,,13,4, 1.51539885880823E+0000, 1.51539885880823E+0000,+,
UHA-0457,13, 4.19824285310747E-0005, 3.83597229511151E-0007,UHA-0257,13,13,0, 8.56465356164077E+0000,UHA-0256,11,11,3,-1.03936046415674E+0000, 0.00000000000000E+0000,,11,4,-2.39965824598699E+0000, 0.00000000000000E+0000,,
UHA-0458,13, 6.18722750074957E-0005, 8.71835239837626E-0008,UHA-0257,13,13,0, 7.29103631070049E+0000,UHA-0256,11,11,3,-1.03936046415674E+0000, 0.00000000000000E+0000,,11,4,-2.23672061741750E+0000, 0.00000000000000E+0000,,
UHA-0459,13, 5.11366858976448E-0004, 2.40626267441837E-0005,UHA-0257,13,13,0, 1.14493148505453E+0001,UHA-0351,13,13,3,-8.71633183836805E-0001, 0.00000000000000E+0000,,13,3, 2.45126135343475E-0001, 2.45126135343475E-0001,-,
UHA-0460,13, 1.33325547933195E-0003, 1.63291095248894E-0005,UHA-0257,13,13,2, 3.96804502559853E-0001,UHA-0260,13,13,1, 5.64471824866990E+0000, 5.64471824866990E+0000,*,13,2, 1.07957356189341E+0001, 1.06232421669218E+0001,*,
